index,type,nbits,code_hex,upper_hex,lower_hex,value_or_exponent_word
0,double,2,0x1,0x00000000,0x00000000,0.0
1,exponent,22,0xd1d32,0x00000000,0x00000000,exp_word=0x00000000
2,exponent,22,0xd1d33,0x00100000,0x00000000,exp_word=0x00100000
3,exponent,22,0xf78d8,0x00200000,0x00000000,exp_word=0x00200000
4,exponent,22,0xf78d9,0x00300000,0x00000000,exp_word=0x00300000
5,exponent,22,0xf78da,0x00400000,0x00000000,exp_word=0x00400000
6,exponent,22,0xf78db,0x00500000,0x00000000,exp_word=0x00500000
7,exponent,22,0xf78dc,0x00600000,0x00000000,exp_word=0x00600000
8,exponent,22,0xf78dd,0x00700000,0x00000000,exp_word=0x00700000
9,exponent,22,0xf78de,0x00800000,0x00000000,exp_word=0x00800000
10,exponent,22,0xf78df,0x00900000,0x00000000,exp_word=0x00900000
11,exponent,22,0xf78e0,0x00a00000,0x00000000,exp_word=0x00a00000
12,exponent,22,0xf78e1,0x00b00000,0x00000000,exp_word=0x00b00000
13,exponent,22,0xf78e2,0x00c00000,0x00000000,exp_word=0x00c00000
14,exponent,22,0xf78e3,0x00d00000,0x00000000,exp_word=0x00d00000
15,exponent,22,0xf78e4,0x00e00000,0x00000000,exp_word=0x00e00000
16,exponent,22,0xf78e5,0x00f00000,0x00000000,exp_word=0x00f00000
17,exponent,22,0xf78e6,0x01000000,0x00000000,exp_word=0x01000000
18,exponent,22,0xf78e7,0x01100000,0x00000000,exp_word=0x01100000
19,exponent,22,0xf78e8,0x01200000,0x00000000,exp_word=0x01200000
20,exponent,22,0xf78e9,0x01300000,0x00000000,exp_word=0x01300000
21,exponent,22,0xf78ea,0x01400000,0x00000000,exp_word=0x01400000
22,exponent,22,0xf78eb,0x01500000,0x00000000,exp_word=0x01500000
23,exponent,22,0xf78ec,0x01600000,0x00000000,exp_word=0x01600000
24,exponent,22,0xf78ed,0x01700000,0x00000000,exp_word=0x01700000
25,exponent,22,0xf78ee,0x01800000,0x00000000,exp_word=0x01800000
26,exponent,22,0xf78ef,0x01900000,0x00000000,exp_word=0x01900000
27,exponent,22,0xf78f0,0x01a00000,0x00000000,exp_word=0x01a00000
28,exponent,22,0xf78f1,0x01b00000,0x00000000,exp_word=0x01b00000
29,exponent,22,0xf78f2,0x01c00000,0x00000000,exp_word=0x01c00000
30,exponent,22,0xf78f3,0x01d00000,0x00000000,exp_word=0x01d00000
31,exponent,22,0xf78f4,0x01e00000,0x00000000,exp_word=0x01e00000
32,exponent,22,0xf78f5,0x01f00000,0x00000000,exp_word=0x01f00000
33,exponent,22,0xf78f6,0x02000000,0x00000000,exp_word=0x02000000
34,exponent,22,0xf78f7,0x02100000,0x00000000,exp_word=0x02100000
35,exponent,22,0xf78f8,0x02200000,0x00000000,exp_word=0x02200000
36,exponent,22,0xf78f9,0x02300000,0x00000000,exp_word=0x02300000
37,exponent,22,0xf78fa,0x02400000,0x00000000,exp_word=0x02400000
38,exponent,22,0xf78fb,0x02500000,0x00000000,exp_word=0x02500000
39,exponent,22,0xf78fc,0x02600000,0x00000000,exp_word=0x02600000
40,exponent,22,0xf78fd,0x02700000,0x00000000,exp_word=0x02700000
41,exponent,22,0xf78fe,0x02800000,0x00000000,exp_word=0x02800000
42,exponent,22,0xf78ff,0x02900000,0x00000000,exp_word=0x02900000
43,exponent,22,0x3a8300,0x02a00000,0x00000000,exp_word=0x02a00000
44,exponent,22,0x3a8301,0x02b00000,0x00000000,exp_word=0x02b00000
45,exponent,22,0x3a8302,0x02c00000,0x00000000,exp_word=0x02c00000
46,exponent,22,0x3a8303,0x02d00000,0x00000000,exp_word=0x02d00000
47,exponent,22,0x3a8304,0x02e00000,0x00000000,exp_word=0x02e00000
48,exponent,22,0x3a8305,0x02f00000,0x00000000,exp_word=0x02f00000
49,exponent,22,0x3a8306,0x03000000,0x00000000,exp_word=0x03000000
50,exponent,22,0x3a8307,0x03100000,0x00000000,exp_word=0x03100000
51,exponent,22,0x3a8308,0x03200000,0x00000000,exp_word=0x03200000
52,exponent,22,0x3a8309,0x03300000,0x00000000,exp_word=0x03300000
53,exponent,22,0x3a830a,0x03400000,0x00000000,exp_word=0x03400000
54,exponent,22,0x3a830b,0x03500000,0x00000000,exp_word=0x03500000
55,exponent,22,0x3a830c,0x03600000,0x00000000,exp_word=0x03600000
56,exponent,22,0x3a830d,0x03700000,0x00000000,exp_word=0x03700000
57,exponent,22,0x3a830e,0x03800000,0x00000000,exp_word=0x03800000
58,exponent,22,0x3a830f,0x03900000,0x00000000,exp_word=0x03900000
59,exponent,22,0x3a8310,0x03a00000,0x00000000,exp_word=0x03a00000
60,exponent,22,0x3a8311,0x03b00000,0x00000000,exp_word=0x03b00000
61,exponent,22,0x3a8312,0x03c00000,0x00000000,exp_word=0x03c00000
62,exponent,22,0x3a8313,0x03d00000,0x00000000,exp_word=0x03d00000
63,exponent,22,0x3a8314,0x03e00000,0x00000000,exp_word=0x03e00000
64,exponent,22,0x3a8315,0x03f00000,0x00000000,exp_word=0x03f00000
65,exponent,22,0x3a8316,0x04000000,0x00000000,exp_word=0x04000000
66,exponent,22,0x3a8317,0x04100000,0x00000000,exp_word=0x04100000
67,exponent,22,0x3a8318,0x04200000,0x00000000,exp_word=0x04200000
68,exponent,22,0x3a8319,0x04300000,0x00000000,exp_word=0x04300000
69,exponent,22,0x3a831a,0x04400000,0x00000000,exp_word=0x04400000
70,exponent,22,0x3a831b,0x04500000,0x00000000,exp_word=0x04500000
71,exponent,22,0x3a831c,0x04600000,0x00000000,exp_word=0x04600000
72,exponent,22,0x3a831d,0x04700000,0x00000000,exp_word=0x04700000
73,exponent,22,0x3a831e,0x04800000,0x00000000,exp_word=0x04800000
74,exponent,22,0x3a831f,0x04900000,0x00000000,exp_word=0x04900000
75,exponent,22,0x3a8320,0x04a00000,0x00000000,exp_word=0x04a00000
76,exponent,22,0x3a8321,0x04b00000,0x00000000,exp_word=0x04b00000
77,exponent,22,0x3a8322,0x04c00000,0x00000000,exp_word=0x04c00000
78,exponent,22,0x3a8323,0x04d00000,0x00000000,exp_word=0x04d00000
79,exponent,22,0x3a8324,0x04e00000,0x00000000,exp_word=0x04e00000
80,exponent,22,0x3a8325,0x04f00000,0x00000000,exp_word=0x04f00000
81,exponent,22,0x3a8326,0x05000000,0x00000000,exp_word=0x05000000
82,exponent,22,0x3a8327,0x05100000,0x00000000,exp_word=0x05100000
83,exponent,22,0x3a8328,0x05200000,0x00000000,exp_word=0x05200000
84,exponent,22,0x3a8329,0x05300000,0x00000000,exp_word=0x05300000
85,exponent,22,0x3a832a,0x05400000,0x00000000,exp_word=0x05400000
86,exponent,22,0x3a832b,0x05500000,0x00000000,exp_word=0x05500000
87,exponent,22,0x3a832c,0x05600000,0x00000000,exp_word=0x05600000
88,exponent,22,0x3a832d,0x05700000,0x00000000,exp_word=0x05700000
89,exponent,22,0x3a832e,0x05800000,0x00000000,exp_word=0x05800000
90,exponent,22,0x3a832f,0x05900000,0x00000000,exp_word=0x05900000
91,exponent,22,0x3a8330,0x05a00000,0x00000000,exp_word=0x05a00000
92,exponent,22,0x3a8331,0x05b00000,0x00000000,exp_word=0x05b00000
93,exponent,22,0x3a8332,0x05c00000,0x00000000,exp_word=0x05c00000
94,exponent,22,0x3a8333,0x05d00000,0x00000000,exp_word=0x05d00000
95,exponent,22,0x3a8334,0x05e00000,0x00000000,exp_word=0x05e00000
96,exponent,22,0x3a8335,0x05f00000,0x00000000,exp_word=0x05f00000
97,exponent,22,0x3a8336,0x06000000,0x00000000,exp_word=0x06000000
98,exponent,22,0x3a8337,0x06100000,0x00000000,exp_word=0x06100000
99,exponent,22,0x3a8338,0x06200000,0x00000000,exp_word=0x06200000
100,exponent,22,0x3a8339,0x06300000,0x00000000,exp_word=0x06300000
101,exponent,22,0x3a833a,0x06400000,0x00000000,exp_word=0x06400000
102,exponent,22,0x3a833b,0x06500000,0x00000000,exp_word=0x06500000
103,exponent,22,0x3a833c,0x06600000,0x00000000,exp_word=0x06600000
104,exponent,22,0x3a833d,0x06700000,0x00000000,exp_word=0x06700000
105,exponent,22,0x3a833e,0x06800000,0x00000000,exp_word=0x06800000
106,exponent,22,0x3a833f,0x06900000,0x00000000,exp_word=0x06900000
107,exponent,22,0x3a8340,0x06a00000,0x00000000,exp_word=0x06a00000
108,exponent,22,0x3a8341,0x06b00000,0x00000000,exp_word=0x06b00000
109,exponent,22,0x3a8342,0x06c00000,0x00000000,exp_word=0x06c00000
110,exponent,22,0x3a8343,0x06d00000,0x00000000,exp_word=0x06d00000
111,exponent,22,0x3a8344,0x06e00000,0x00000000,exp_word=0x06e00000
112,exponent,22,0x3a8345,0x06f00000,0x00000000,exp_word=0x06f00000
113,exponent,22,0x3a8346,0x07000000,0x00000000,exp_word=0x07000000
114,exponent,22,0x3a8347,0x07100000,0x00000000,exp_word=0x07100000
115,exponent,22,0x3a8348,0x07200000,0x00000000,exp_word=0x07200000
116,exponent,22,0x3a8349,0x07300000,0x00000000,exp_word=0x07300000
117,exponent,22,0x3a834a,0x07400000,0x00000000,exp_word=0x07400000
118,exponent,22,0x3a834b,0x07500000,0x00000000,exp_word=0x07500000
119,exponent,22,0x3a834c,0x07600000,0x00000000,exp_word=0x07600000
120,exponent,22,0x3a834d,0x07700000,0x00000000,exp_word=0x07700000
121,exponent,22,0x3a834e,0x07800000,0x00000000,exp_word=0x07800000
122,exponent,22,0x3a834f,0x07900000,0x00000000,exp_word=0x07900000
123,exponent,22,0x3a8350,0x07a00000,0x00000000,exp_word=0x07a00000
124,exponent,22,0x3a8351,0x07b00000,0x00000000,exp_word=0x07b00000
125,exponent,22,0x3a8352,0x07c00000,0x00000000,exp_word=0x07c00000
126,exponent,22,0x3a8353,0x07d00000,0x00000000,exp_word=0x07d00000
127,exponent,22,0x3a8354,0x07e00000,0x00000000,exp_word=0x07e00000
128,exponent,22,0x3a8355,0x07f00000,0x00000000,exp_word=0x07f00000
129,exponent,22,0x3a8356,0x08000000,0x00000000,exp_word=0x08000000
130,exponent,22,0x3a8357,0x08100000,0x00000000,exp_word=0x08100000
131,exponent,22,0x3a8358,0x08200000,0x00000000,exp_word=0x08200000
132,exponent,22,0x3a8359,0x08300000,0x00000000,exp_word=0x08300000
133,exponent,22,0x3a835a,0x08400000,0x00000000,exp_word=0x08400000
134,exponent,22,0x3a835b,0x08500000,0x00000000,exp_word=0x08500000
135,exponent,22,0x3a835c,0x08600000,0x00000000,exp_word=0x08600000
136,exponent,22,0x3a835d,0x08700000,0x00000000,exp_word=0x08700000
137,exponent,22,0x3a835e,0x08800000,0x00000000,exp_word=0x08800000
138,exponent,22,0x3a835f,0x08900000,0x00000000,exp_word=0x08900000
139,exponent,22,0x3a8360,0x08a00000,0x00000000,exp_word=0x08a00000
140,exponent,22,0x3a8361,0x08b00000,0x00000000,exp_word=0x08b00000
141,exponent,22,0x3a8362,0x08c00000,0x00000000,exp_word=0x08c00000
142,exponent,22,0x3a8363,0x08d00000,0x00000000,exp_word=0x08d00000
143,exponent,22,0x3a8364,0x08e00000,0x00000000,exp_word=0x08e00000
144,exponent,22,0x3a8365,0x08f00000,0x00000000,exp_word=0x08f00000
145,exponent,22,0x3a8366,0x09000000,0x00000000,exp_word=0x09000000
146,exponent,22,0x3a8367,0x09100000,0x00000000,exp_word=0x09100000
147,exponent,22,0x3a8368,0x09200000,0x00000000,exp_word=0x09200000
148,exponent,22,0x3a8369,0x09300000,0x00000000,exp_word=0x09300000
149,exponent,22,0x3a836a,0x09400000,0x00000000,exp_word=0x09400000
150,exponent,22,0x3a836b,0x09500000,0x00000000,exp_word=0x09500000
151,exponent,22,0x3a836c,0x09600000,0x00000000,exp_word=0x09600000
152,exponent,22,0x3a836d,0x09700000,0x00000000,exp_word=0x09700000
153,exponent,22,0x3a836e,0x09800000,0x00000000,exp_word=0x09800000
154,exponent,22,0x3a836f,0x09900000,0x00000000,exp_word=0x09900000
155,exponent,22,0x3a8370,0x09a00000,0x00000000,exp_word=0x09a00000
156,exponent,22,0x3a8371,0x09b00000,0x00000000,exp_word=0x09b00000
157,exponent,22,0x3a8372,0x09c00000,0x00000000,exp_word=0x09c00000
158,exponent,22,0x3a8373,0x09d00000,0x00000000,exp_word=0x09d00000
159,exponent,22,0x3a8374,0x09e00000,0x00000000,exp_word=0x09e00000
160,exponent,22,0x3a8375,0x09f00000,0x00000000,exp_word=0x09f00000
161,exponent,22,0x3a8376,0x0a000000,0x00000000,exp_word=0x0a000000
162,exponent,22,0x3a8377,0x0a100000,0x00000000,exp_word=0x0a100000
163,exponent,22,0x3a8378,0x0a200000,0x00000000,exp_word=0x0a200000
164,exponent,22,0x3a8379,0x0a300000,0x00000000,exp_word=0x0a300000
165,exponent,22,0x3a837a,0x0a400000,0x00000000,exp_word=0x0a400000
166,exponent,22,0x3a837b,0x0a500000,0x00000000,exp_word=0x0a500000
167,exponent,22,0x3a837c,0x0a600000,0x00000000,exp_word=0x0a600000
168,exponent,22,0x3a837d,0x0a700000,0x00000000,exp_word=0x0a700000
169,exponent,22,0x3a837e,0x0a800000,0x00000000,exp_word=0x0a800000
170,exponent,22,0x3a837f,0x0a900000,0x00000000,exp_word=0x0a900000
171,exponent,22,0x3a8380,0x0aa00000,0x00000000,exp_word=0x0aa00000
172,exponent,22,0x3a8381,0x0ab00000,0x00000000,exp_word=0x0ab00000
173,exponent,22,0x3a8382,0x0ac00000,0x00000000,exp_word=0x0ac00000
174,exponent,22,0x3a8383,0x0ad00000,0x00000000,exp_word=0x0ad00000
175,exponent,22,0x3a8384,0x0ae00000,0x00000000,exp_word=0x0ae00000
176,exponent,22,0x3a8385,0x0af00000,0x00000000,exp_word=0x0af00000
177,exponent,22,0x3a8386,0x0b000000,0x00000000,exp_word=0x0b000000
178,exponent,22,0x3a8387,0x0b100000,0x00000000,exp_word=0x0b100000
179,exponent,22,0x3a8388,0x0b200000,0x00000000,exp_word=0x0b200000
180,exponent,22,0x3a8389,0x0b300000,0x00000000,exp_word=0x0b300000
181,exponent,22,0x3a838a,0x0b400000,0x00000000,exp_word=0x0b400000
182,exponent,22,0x3a838b,0x0b500000,0x00000000,exp_word=0x0b500000
183,exponent,22,0x3a838c,0x0b600000,0x00000000,exp_word=0x0b600000
184,exponent,22,0x3a838d,0x0b700000,0x00000000,exp_word=0x0b700000
185,exponent,22,0x3a838e,0x0b800000,0x00000000,exp_word=0x0b800000
186,exponent,22,0x3a838f,0x0b900000,0x00000000,exp_word=0x0b900000
187,exponent,22,0x3a8390,0x0ba00000,0x00000000,exp_word=0x0ba00000
188,exponent,22,0x3a8391,0x0bb00000,0x00000000,exp_word=0x0bb00000
189,exponent,22,0x3a8392,0x0bc00000,0x00000000,exp_word=0x0bc00000
190,exponent,22,0x3a8393,0x0bd00000,0x00000000,exp_word=0x0bd00000
191,exponent,22,0x3a8394,0x0be00000,0x00000000,exp_word=0x0be00000
192,exponent,22,0x3a8395,0x0bf00000,0x00000000,exp_word=0x0bf00000
193,exponent,22,0x3a8396,0x0c000000,0x00000000,exp_word=0x0c000000
194,exponent,22,0x3a8397,0x0c100000,0x00000000,exp_word=0x0c100000
195,exponent,22,0x3a8398,0x0c200000,0x00000000,exp_word=0x0c200000
196,exponent,22,0x3a8399,0x0c300000,0x00000000,exp_word=0x0c300000
197,exponent,22,0x3a839a,0x0c400000,0x00000000,exp_word=0x0c400000
198,exponent,22,0x3a839b,0x0c500000,0x00000000,exp_word=0x0c500000
199,exponent,22,0x3a839c,0x0c600000,0x00000000,exp_word=0x0c600000
200,exponent,22,0x3a839d,0x0c700000,0x00000000,exp_word=0x0c700000
201,exponent,22,0x3a839e,0x0c800000,0x00000000,exp_word=0x0c800000
202,exponent,22,0x3a839f,0x0c900000,0x00000000,exp_word=0x0c900000
203,exponent,22,0x3a83a0,0x0ca00000,0x00000000,exp_word=0x0ca00000
204,exponent,22,0x3a83a1,0x0cb00000,0x00000000,exp_word=0x0cb00000
205,exponent,22,0x3a83a2,0x0cc00000,0x00000000,exp_word=0x0cc00000
206,exponent,22,0x3a83a3,0x0cd00000,0x00000000,exp_word=0x0cd00000
207,exponent,22,0x3a83a4,0x0ce00000,0x00000000,exp_word=0x0ce00000
208,exponent,22,0x3a83a5,0x0cf00000,0x00000000,exp_word=0x0cf00000
209,exponent,22,0x3a83a6,0x0d000000,0x00000000,exp_word=0x0d000000
210,exponent,22,0x3a83a7,0x0d100000,0x00000000,exp_word=0x0d100000
211,exponent,22,0x3a83a8,0x0d200000,0x00000000,exp_word=0x0d200000
212,exponent,22,0x3a83a9,0x0d300000,0x00000000,exp_word=0x0d300000
213,exponent,22,0x3a83aa,0x0d400000,0x00000000,exp_word=0x0d400000
214,exponent,22,0x3a83ab,0x0d500000,0x00000000,exp_word=0x0d500000
215,exponent,22,0x3a83ac,0x0d600000,0x00000000,exp_word=0x0d600000
216,exponent,22,0x3a83ad,0x0d700000,0x00000000,exp_word=0x0d700000
217,exponent,22,0x3a83ae,0x0d800000,0x00000000,exp_word=0x0d800000
218,exponent,22,0x3a83af,0x0d900000,0x00000000,exp_word=0x0d900000
219,exponent,22,0x3a83b0,0x0da00000,0x00000000,exp_word=0x0da00000
220,exponent,22,0x3a83b1,0x0db00000,0x00000000,exp_word=0x0db00000
221,exponent,22,0x3a83b2,0x0dc00000,0x00000000,exp_word=0x0dc00000
222,exponent,22,0x3a83b3,0x0dd00000,0x00000000,exp_word=0x0dd00000
223,exponent,22,0x3a83b4,0x0de00000,0x00000000,exp_word=0x0de00000
224,exponent,22,0x3a83b5,0x0df00000,0x00000000,exp_word=0x0df00000
225,exponent,22,0x3a83b6,0x0e000000,0x00000000,exp_word=0x0e000000
226,exponent,22,0x3a83b7,0x0e100000,0x00000000,exp_word=0x0e100000
227,exponent,22,0x3a83b8,0x0e200000,0x00000000,exp_word=0x0e200000
228,exponent,22,0x3a83b9,0x0e300000,0x00000000,exp_word=0x0e300000
229,exponent,22,0x3a83ba,0x0e400000,0x00000000,exp_word=0x0e400000
230,exponent,22,0x3a83bb,0x0e500000,0x00000000,exp_word=0x0e500000
231,exponent,22,0x3a83bc,0x0e600000,0x00000000,exp_word=0x0e600000
232,exponent,22,0x3a83bd,0x0e700000,0x00000000,exp_word=0x0e700000
233,exponent,22,0x3a83be,0x0e800000,0x00000000,exp_word=0x0e800000
234,exponent,22,0x3a83bf,0x0e900000,0x00000000,exp_word=0x0e900000
235,exponent,22,0x3a83c0,0x0ea00000,0x00000000,exp_word=0x0ea00000
236,exponent,22,0x3a83c1,0x0eb00000,0x00000000,exp_word=0x0eb00000
237,exponent,22,0x3a83c2,0x0ec00000,0x00000000,exp_word=0x0ec00000
238,exponent,22,0x3a83c3,0x0ed00000,0x00000000,exp_word=0x0ed00000
239,exponent,22,0x3a83c4,0x0ee00000,0x00000000,exp_word=0x0ee00000
240,exponent,22,0x3a83c5,0x0ef00000,0x00000000,exp_word=0x0ef00000
241,exponent,22,0x3a83c6,0x0f000000,0x00000000,exp_word=0x0f000000
242,exponent,22,0x3a83c7,0x0f100000,0x00000000,exp_word=0x0f100000
243,exponent,22,0x3a83c8,0x0f200000,0x00000000,exp_word=0x0f200000
244,exponent,22,0x3a83c9,0x0f300000,0x00000000,exp_word=0x0f300000
245,exponent,22,0x3a83ca,0x0f400000,0x00000000,exp_word=0x0f400000
246,exponent,22,0x3a83cb,0x0f500000,0x00000000,exp_word=0x0f500000
247,exponent,22,0x3a83cc,0x0f600000,0x00000000,exp_word=0x0f600000
248,exponent,22,0x3a83cd,0x0f700000,0x00000000,exp_word=0x0f700000
249,exponent,22,0x3a83ce,0x0f800000,0x00000000,exp_word=0x0f800000
250,exponent,22,0x3a83cf,0x0f900000,0x00000000,exp_word=0x0f900000
251,exponent,22,0x3a83d0,0x0fa00000,0x00000000,exp_word=0x0fa00000
252,exponent,22,0x3a83d1,0x0fb00000,0x00000000,exp_word=0x0fb00000
253,exponent,22,0x3a83d2,0x0fc00000,0x00000000,exp_word=0x0fc00000
254,exponent,22,0x3a83d3,0x0fd00000,0x00000000,exp_word=0x0fd00000
255,exponent,22,0x3a83d4,0x0fe00000,0x00000000,exp_word=0x0fe00000
256,exponent,22,0x3a83d5,0x0ff00000,0x00000000,exp_word=0x0ff00000
257,exponent,22,0x3a83d6,0x10000000,0x00000000,exp_word=0x10000000
258,exponent,22,0x3a83d7,0x10100000,0x00000000,exp_word=0x10100000
259,exponent,22,0x3a83d8,0x10200000,0x00000000,exp_word=0x10200000
260,exponent,22,0x3a83d9,0x10300000,0x00000000,exp_word=0x10300000
261,exponent,22,0x3a83da,0x10400000,0x00000000,exp_word=0x10400000
262,exponent,22,0x3a83db,0x10500000,0x00000000,exp_word=0x10500000
263,exponent,22,0x3a83dc,0x10600000,0x00000000,exp_word=0x10600000
264,exponent,22,0x3a83dd,0x10700000,0x00000000,exp_word=0x10700000
265,exponent,22,0x3a83de,0x10800000,0x00000000,exp_word=0x10800000
266,exponent,22,0x3a83df,0x10900000,0x00000000,exp_word=0x10900000
267,exponent,22,0x3a83e0,0x10a00000,0x00000000,exp_word=0x10a00000
268,exponent,22,0x3a83e1,0x10b00000,0x00000000,exp_word=0x10b00000
269,exponent,22,0x3a83e2,0x10c00000,0x00000000,exp_word=0x10c00000
270,exponent,22,0x3a83e3,0x10d00000,0x00000000,exp_word=0x10d00000
271,exponent,22,0x3a83e4,0x10e00000,0x00000000,exp_word=0x10e00000
272,exponent,22,0x3a83e5,0x10f00000,0x00000000,exp_word=0x10f00000
273,exponent,22,0x3a83e6,0x11000000,0x00000000,exp_word=0x11000000
274,exponent,22,0x3a83e7,0x11100000,0x00000000,exp_word=0x11100000
275,exponent,22,0x3a83e8,0x11200000,0x00000000,exp_word=0x11200000
276,exponent,22,0x3a83e9,0x11300000,0x00000000,exp_word=0x11300000
277,exponent,22,0x3a83ea,0x11400000,0x00000000,exp_word=0x11400000
278,exponent,22,0x3a83eb,0x11500000,0x00000000,exp_word=0x11500000
279,exponent,22,0x3a83ec,0x11600000,0x00000000,exp_word=0x11600000
280,exponent,22,0x3a83ed,0x11700000,0x00000000,exp_word=0x11700000
281,exponent,22,0x3a83ee,0x11800000,0x00000000,exp_word=0x11800000
282,exponent,22,0x3a83ef,0x11900000,0x00000000,exp_word=0x11900000
283,exponent,22,0x3a83f0,0x11a00000,0x00000000,exp_word=0x11a00000
284,exponent,22,0x3a83f1,0x11b00000,0x00000000,exp_word=0x11b00000
285,exponent,22,0x3a83f2,0x11c00000,0x00000000,exp_word=0x11c00000
286,exponent,22,0x3a83f3,0x11d00000,0x00000000,exp_word=0x11d00000
287,exponent,22,0x3a83f4,0x11e00000,0x00000000,exp_word=0x11e00000
288,exponent,22,0x3a83f5,0x11f00000,0x00000000,exp_word=0x11f00000
289,exponent,22,0x3a83f6,0x12000000,0x00000000,exp_word=0x12000000
290,exponent,22,0x3a83f7,0x12100000,0x00000000,exp_word=0x12100000
291,exponent,22,0x3a83f8,0x12200000,0x00000000,exp_word=0x12200000
292,exponent,22,0x3a83f9,0x12300000,0x00000000,exp_word=0x12300000
293,exponent,22,0x3a83fa,0x12400000,0x00000000,exp_word=0x12400000
294,exponent,22,0x3a83fb,0x12500000,0x00000000,exp_word=0x12500000
295,exponent,22,0x3a83fc,0x12600000,0x00000000,exp_word=0x12600000
296,exponent,22,0x3a83fd,0x12700000,0x00000000,exp_word=0x12700000
297,exponent,22,0x3a83fe,0x12800000,0x00000000,exp_word=0x12800000
298,exponent,22,0x3a83ff,0x12900000,0x00000000,exp_word=0x12900000
299,exponent,22,0x3a8400,0x12a00000,0x00000000,exp_word=0x12a00000
300,exponent,22,0x3a8401,0x12b00000,0x00000000,exp_word=0x12b00000
301,exponent,22,0x3a8402,0x12c00000,0x00000000,exp_word=0x12c00000
302,exponent,22,0x3a8403,0x12d00000,0x00000000,exp_word=0x12d00000
303,exponent,22,0x3a8404,0x12e00000,0x00000000,exp_word=0x12e00000
304,exponent,22,0x3a8405,0x12f00000,0x00000000,exp_word=0x12f00000
305,exponent,22,0x3a8406,0x13000000,0x00000000,exp_word=0x13000000
306,exponent,22,0x3a8407,0x13100000,0x00000000,exp_word=0x13100000
307,exponent,22,0x3a8408,0x13200000,0x00000000,exp_word=0x13200000
308,exponent,22,0x3a8409,0x13300000,0x00000000,exp_word=0x13300000
309,exponent,22,0x3a840a,0x13400000,0x00000000,exp_word=0x13400000
310,exponent,22,0x3a840b,0x13500000,0x00000000,exp_word=0x13500000
311,exponent,22,0x3a840c,0x13600000,0x00000000,exp_word=0x13600000
312,exponent,22,0x3a840d,0x13700000,0x00000000,exp_word=0x13700000
313,exponent,22,0x3a840e,0x13800000,0x00000000,exp_word=0x13800000
314,exponent,22,0x3a840f,0x13900000,0x00000000,exp_word=0x13900000
315,exponent,22,0x3a8410,0x13a00000,0x00000000,exp_word=0x13a00000
316,exponent,22,0x3a8411,0x13b00000,0x00000000,exp_word=0x13b00000
317,exponent,22,0x3a8412,0x13c00000,0x00000000,exp_word=0x13c00000
318,exponent,22,0x3a8413,0x13d00000,0x00000000,exp_word=0x13d00000
319,exponent,22,0x3a8414,0x13e00000,0x00000000,exp_word=0x13e00000
320,exponent,22,0x3a8415,0x13f00000,0x00000000,exp_word=0x13f00000
321,exponent,22,0x3a8416,0x14000000,0x00000000,exp_word=0x14000000
322,exponent,22,0x3a8417,0x14100000,0x00000000,exp_word=0x14100000
323,exponent,22,0x3a8418,0x14200000,0x00000000,exp_word=0x14200000
324,exponent,22,0x3a8419,0x14300000,0x00000000,exp_word=0x14300000
325,exponent,22,0x3a841a,0x14400000,0x00000000,exp_word=0x14400000
326,exponent,22,0x3a841b,0x14500000,0x00000000,exp_word=0x14500000
327,exponent,22,0x3a841c,0x14600000,0x00000000,exp_word=0x14600000
328,exponent,22,0x3a841d,0x14700000,0x00000000,exp_word=0x14700000
329,exponent,22,0x3a841e,0x14800000,0x00000000,exp_word=0x14800000
330,exponent,22,0x3a841f,0x14900000,0x00000000,exp_word=0x14900000
331,exponent,22,0x3a8420,0x14a00000,0x00000000,exp_word=0x14a00000
332,exponent,22,0x3a8421,0x14b00000,0x00000000,exp_word=0x14b00000
333,exponent,22,0x3a8422,0x14c00000,0x00000000,exp_word=0x14c00000
334,exponent,22,0x3a8423,0x14d00000,0x00000000,exp_word=0x14d00000
335,exponent,22,0x3a8424,0x14e00000,0x00000000,exp_word=0x14e00000
336,exponent,22,0x3a8425,0x14f00000,0x00000000,exp_word=0x14f00000
337,exponent,22,0x3a8426,0x15000000,0x00000000,exp_word=0x15000000
338,exponent,22,0x3a8427,0x15100000,0x00000000,exp_word=0x15100000
339,exponent,22,0x3a8428,0x15200000,0x00000000,exp_word=0x15200000
340,exponent,22,0x3a8429,0x15300000,0x00000000,exp_word=0x15300000
341,exponent,22,0x3a842a,0x15400000,0x00000000,exp_word=0x15400000
342,exponent,22,0x3a842b,0x15500000,0x00000000,exp_word=0x15500000
343,exponent,22,0x3a842c,0x15600000,0x00000000,exp_word=0x15600000
344,exponent,22,0x3a842d,0x15700000,0x00000000,exp_word=0x15700000
345,exponent,22,0x3a842e,0x15800000,0x00000000,exp_word=0x15800000
346,exponent,22,0x3a842f,0x15900000,0x00000000,exp_word=0x15900000
347,exponent,22,0x3a8430,0x15a00000,0x00000000,exp_word=0x15a00000
348,exponent,22,0x3a8431,0x15b00000,0x00000000,exp_word=0x15b00000
349,exponent,22,0x3a8432,0x15c00000,0x00000000,exp_word=0x15c00000
350,exponent,22,0x3a8433,0x15d00000,0x00000000,exp_word=0x15d00000
351,exponent,22,0x3a8434,0x15e00000,0x00000000,exp_word=0x15e00000
352,exponent,22,0x3a8435,0x15f00000,0x00000000,exp_word=0x15f00000
353,exponent,22,0x3a8436,0x16000000,0x00000000,exp_word=0x16000000
354,exponent,22,0x3a8437,0x16100000,0x00000000,exp_word=0x16100000
355,exponent,22,0x3a8438,0x16200000,0x00000000,exp_word=0x16200000
356,exponent,22,0x3a8439,0x16300000,0x00000000,exp_word=0x16300000
357,exponent,22,0x3a843a,0x16400000,0x00000000,exp_word=0x16400000
358,exponent,22,0x3a843b,0x16500000,0x00000000,exp_word=0x16500000
359,exponent,22,0x3a843c,0x16600000,0x00000000,exp_word=0x16600000
360,exponent,22,0x3a843d,0x16700000,0x00000000,exp_word=0x16700000
361,exponent,22,0x3a843e,0x16800000,0x00000000,exp_word=0x16800000
362,exponent,22,0x3a843f,0x16900000,0x00000000,exp_word=0x16900000
363,exponent,22,0x3a8440,0x16a00000,0x00000000,exp_word=0x16a00000
364,exponent,22,0x3a8441,0x16b00000,0x00000000,exp_word=0x16b00000
365,exponent,22,0x3a8442,0x16c00000,0x00000000,exp_word=0x16c00000
366,exponent,22,0x3a8443,0x16d00000,0x00000000,exp_word=0x16d00000
367,exponent,22,0x3a8444,0x16e00000,0x00000000,exp_word=0x16e00000
368,exponent,22,0x3a8445,0x16f00000,0x00000000,exp_word=0x16f00000
369,exponent,22,0x3a8446,0x17000000,0x00000000,exp_word=0x17000000
370,exponent,22,0x3a8447,0x17100000,0x00000000,exp_word=0x17100000
371,exponent,22,0x3a8448,0x17200000,0x00000000,exp_word=0x17200000
372,exponent,22,0x3a8449,0x17300000,0x00000000,exp_word=0x17300000
373,exponent,22,0x3a844a,0x17400000,0x00000000,exp_word=0x17400000
374,exponent,22,0x3a844b,0x17500000,0x00000000,exp_word=0x17500000
375,exponent,22,0x3a844c,0x17600000,0x00000000,exp_word=0x17600000
376,exponent,22,0x3a844d,0x17700000,0x00000000,exp_word=0x17700000
377,exponent,22,0x3a844e,0x17800000,0x00000000,exp_word=0x17800000
378,exponent,22,0x3a844f,0x17900000,0x00000000,exp_word=0x17900000
379,exponent,22,0x3a8450,0x17a00000,0x00000000,exp_word=0x17a00000
380,exponent,22,0x3a8451,0x17b00000,0x00000000,exp_word=0x17b00000
381,exponent,22,0x3a8452,0x17c00000,0x00000000,exp_word=0x17c00000
382,exponent,22,0x3a8453,0x17d00000,0x00000000,exp_word=0x17d00000
383,exponent,22,0x3a8454,0x17e00000,0x00000000,exp_word=0x17e00000
384,exponent,22,0x3a8455,0x17f00000,0x00000000,exp_word=0x17f00000
385,exponent,22,0x3a8456,0x18000000,0x00000000,exp_word=0x18000000
386,exponent,22,0x3a8457,0x18100000,0x00000000,exp_word=0x18100000
387,exponent,22,0x3a8458,0x18200000,0x00000000,exp_word=0x18200000
388,exponent,22,0x3a8459,0x18300000,0x00000000,exp_word=0x18300000
389,exponent,22,0x3a845a,0x18400000,0x00000000,exp_word=0x18400000
390,exponent,22,0x3a845b,0x18500000,0x00000000,exp_word=0x18500000
391,exponent,22,0x3a845c,0x18600000,0x00000000,exp_word=0x18600000
392,exponent,22,0x3a845d,0x18700000,0x00000000,exp_word=0x18700000
393,exponent,22,0x3a845e,0x18800000,0x00000000,exp_word=0x18800000
394,exponent,22,0x3a845f,0x18900000,0x00000000,exp_word=0x18900000
395,exponent,22,0x3a8460,0x18a00000,0x00000000,exp_word=0x18a00000
396,exponent,22,0x3a8461,0x18b00000,0x00000000,exp_word=0x18b00000
397,exponent,22,0x3a8462,0x18c00000,0x00000000,exp_word=0x18c00000
398,exponent,22,0x3a8463,0x18d00000,0x00000000,exp_word=0x18d00000
399,exponent,22,0x3a8464,0x18e00000,0x00000000,exp_word=0x18e00000
400,exponent,22,0x3a8465,0x18f00000,0x00000000,exp_word=0x18f00000
401,exponent,22,0x3a8466,0x19000000,0x00000000,exp_word=0x19000000
402,exponent,22,0x3a8467,0x19100000,0x00000000,exp_word=0x19100000
403,exponent,22,0x3a8468,0x19200000,0x00000000,exp_word=0x19200000
404,exponent,22,0x3a8469,0x19300000,0x00000000,exp_word=0x19300000
405,exponent,22,0x3a846a,0x19400000,0x00000000,exp_word=0x19400000
406,exponent,22,0x3a846b,0x19500000,0x00000000,exp_word=0x19500000
407,exponent,22,0x3a846c,0x19600000,0x00000000,exp_word=0x19600000
408,exponent,22,0x3a846d,0x19700000,0x00000000,exp_word=0x19700000
409,exponent,22,0x3a846e,0x19800000,0x00000000,exp_word=0x19800000
410,exponent,22,0x3a846f,0x19900000,0x00000000,exp_word=0x19900000
411,exponent,22,0x3a8470,0x19a00000,0x00000000,exp_word=0x19a00000
412,exponent,22,0x3a8471,0x19b00000,0x00000000,exp_word=0x19b00000
413,exponent,22,0x3a8472,0x19c00000,0x00000000,exp_word=0x19c00000
414,exponent,22,0x3a8473,0x19d00000,0x00000000,exp_word=0x19d00000
415,exponent,22,0x3a8474,0x19e00000,0x00000000,exp_word=0x19e00000
416,exponent,22,0x3a8475,0x19f00000,0x00000000,exp_word=0x19f00000
417,exponent,22,0x3a8476,0x1a000000,0x00000000,exp_word=0x1a000000
418,exponent,22,0x3a8477,0x1a100000,0x00000000,exp_word=0x1a100000
419,exponent,22,0x3a8478,0x1a200000,0x00000000,exp_word=0x1a200000
420,exponent,22,0x3a8479,0x1a300000,0x00000000,exp_word=0x1a300000
421,exponent,22,0x3a847a,0x1a400000,0x00000000,exp_word=0x1a400000
422,exponent,22,0x3a847b,0x1a500000,0x00000000,exp_word=0x1a500000
423,exponent,22,0x3a847c,0x1a600000,0x00000000,exp_word=0x1a600000
424,exponent,22,0x3a847d,0x1a700000,0x00000000,exp_word=0x1a700000
425,exponent,22,0x3a847e,0x1a800000,0x00000000,exp_word=0x1a800000
426,exponent,22,0x3a847f,0x1a900000,0x00000000,exp_word=0x1a900000
427,exponent,22,0x3a8480,0x1aa00000,0x00000000,exp_word=0x1aa00000
428,exponent,22,0x3a8481,0x1ab00000,0x00000000,exp_word=0x1ab00000
429,exponent,22,0x3a8482,0x1ac00000,0x00000000,exp_word=0x1ac00000
430,exponent,22,0x3a8483,0x1ad00000,0x00000000,exp_word=0x1ad00000
431,exponent,22,0x3a8484,0x1ae00000,0x00000000,exp_word=0x1ae00000
432,exponent,22,0x3a8485,0x1af00000,0x00000000,exp_word=0x1af00000
433,exponent,22,0x3a8486,0x1b000000,0x00000000,exp_word=0x1b000000
434,exponent,22,0x3a8487,0x1b100000,0x00000000,exp_word=0x1b100000
435,exponent,22,0x3a8488,0x1b200000,0x00000000,exp_word=0x1b200000
436,exponent,22,0x3a8489,0x1b300000,0x00000000,exp_word=0x1b300000
437,exponent,22,0x3a848a,0x1b400000,0x00000000,exp_word=0x1b400000
438,exponent,22,0x3a848b,0x1b500000,0x00000000,exp_word=0x1b500000
439,exponent,22,0x3a848c,0x1b600000,0x00000000,exp_word=0x1b600000
440,exponent,22,0x3a848d,0x1b700000,0x00000000,exp_word=0x1b700000
441,exponent,22,0x3a848e,0x1b800000,0x00000000,exp_word=0x1b800000
442,exponent,22,0x3a848f,0x1b900000,0x00000000,exp_word=0x1b900000
443,exponent,22,0x3a8490,0x1ba00000,0x00000000,exp_word=0x1ba00000
444,exponent,22,0x3a8491,0x1bb00000,0x00000000,exp_word=0x1bb00000
445,exponent,22,0x3a8492,0x1bc00000,0x00000000,exp_word=0x1bc00000
446,exponent,22,0x3a8493,0x1bd00000,0x00000000,exp_word=0x1bd00000
447,exponent,22,0x3a8494,0x1be00000,0x00000000,exp_word=0x1be00000
448,exponent,22,0x3a8495,0x1bf00000,0x00000000,exp_word=0x1bf00000
449,exponent,22,0x3a8496,0x1c000000,0x00000000,exp_word=0x1c000000
450,exponent,22,0x3a8497,0x1c100000,0x00000000,exp_word=0x1c100000
451,exponent,22,0x3a8498,0x1c200000,0x00000000,exp_word=0x1c200000
452,exponent,22,0x3a8499,0x1c300000,0x00000000,exp_word=0x1c300000
453,exponent,22,0x3a849a,0x1c400000,0x00000000,exp_word=0x1c400000
454,exponent,22,0x3a849b,0x1c500000,0x00000000,exp_word=0x1c500000
455,exponent,22,0x3a849c,0x1c600000,0x00000000,exp_word=0x1c600000
456,exponent,22,0x3a849d,0x1c700000,0x00000000,exp_word=0x1c700000
457,exponent,22,0x3a849e,0x1c800000,0x00000000,exp_word=0x1c800000
458,exponent,22,0x3a849f,0x1c900000,0x00000000,exp_word=0x1c900000
459,exponent,22,0x3a84a0,0x1ca00000,0x00000000,exp_word=0x1ca00000
460,exponent,22,0x3a84a1,0x1cb00000,0x00000000,exp_word=0x1cb00000
461,exponent,22,0x3a84a2,0x1cc00000,0x00000000,exp_word=0x1cc00000
462,exponent,22,0x3a84a3,0x1cd00000,0x00000000,exp_word=0x1cd00000
463,exponent,22,0x3a84a4,0x1ce00000,0x00000000,exp_word=0x1ce00000
464,exponent,22,0x3a84a5,0x1cf00000,0x00000000,exp_word=0x1cf00000
465,exponent,22,0x3a84a6,0x1d000000,0x00000000,exp_word=0x1d000000
466,exponent,22,0x3a84a7,0x1d100000,0x00000000,exp_word=0x1d100000
467,exponent,22,0x3a84a8,0x1d200000,0x00000000,exp_word=0x1d200000
468,exponent,22,0x3a84a9,0x1d300000,0x00000000,exp_word=0x1d300000
469,exponent,22,0x3a84aa,0x1d400000,0x00000000,exp_word=0x1d400000
470,exponent,22,0x3a84ab,0x1d500000,0x00000000,exp_word=0x1d500000
471,exponent,22,0x3a84ac,0x1d600000,0x00000000,exp_word=0x1d600000
472,exponent,22,0x3a84ad,0x1d700000,0x00000000,exp_word=0x1d700000
473,exponent,22,0x3a84ae,0x1d800000,0x00000000,exp_word=0x1d800000
474,exponent,22,0x3a84af,0x1d900000,0x00000000,exp_word=0x1d900000
475,exponent,22,0x3a84b0,0x1da00000,0x00000000,exp_word=0x1da00000
476,exponent,22,0x3a84b1,0x1db00000,0x00000000,exp_word=0x1db00000
477,exponent,22,0x3a84b2,0x1dc00000,0x00000000,exp_word=0x1dc00000
478,exponent,22,0x3a84b3,0x1dd00000,0x00000000,exp_word=0x1dd00000
479,exponent,22,0x3a84b4,0x1de00000,0x00000000,exp_word=0x1de00000
480,exponent,22,0x3a84b5,0x1df00000,0x00000000,exp_word=0x1df00000
481,exponent,22,0x3a84b6,0x1e000000,0x00000000,exp_word=0x1e000000
482,exponent,22,0x3a84b7,0x1e100000,0x00000000,exp_word=0x1e100000
483,exponent,22,0x3a84b8,0x1e200000,0x00000000,exp_word=0x1e200000
484,exponent,22,0x3a84b9,0x1e300000,0x00000000,exp_word=0x1e300000
485,exponent,22,0x3a84ba,0x1e400000,0x00000000,exp_word=0x1e400000
486,exponent,22,0x3a84bb,0x1e500000,0x00000000,exp_word=0x1e500000
487,exponent,22,0x3a84bc,0x1e600000,0x00000000,exp_word=0x1e600000
488,exponent,22,0x3a84bd,0x1e700000,0x00000000,exp_word=0x1e700000
489,exponent,22,0x3a84be,0x1e800000,0x00000000,exp_word=0x1e800000
490,exponent,22,0x3a84bf,0x1e900000,0x00000000,exp_word=0x1e900000
491,exponent,22,0x3a84c0,0x1ea00000,0x00000000,exp_word=0x1ea00000
492,exponent,22,0x3a84c1,0x1eb00000,0x00000000,exp_word=0x1eb00000
493,exponent,22,0x3a84c2,0x1ec00000,0x00000000,exp_word=0x1ec00000
494,exponent,22,0x3a84c3,0x1ed00000,0x00000000,exp_word=0x1ed00000
495,exponent,22,0x3a84c4,0x1ee00000,0x00000000,exp_word=0x1ee00000
496,exponent,22,0x3a84c5,0x1ef00000,0x00000000,exp_word=0x1ef00000
497,exponent,22,0x3a84c6,0x1f000000,0x00000000,exp_word=0x1f000000
498,exponent,22,0x3a84c7,0x1f100000,0x00000000,exp_word=0x1f100000
499,exponent,22,0x3a84c8,0x1f200000,0x00000000,exp_word=0x1f200000
500,exponent,22,0x3a84c9,0x1f300000,0x00000000,exp_word=0x1f300000
501,exponent,22,0x3a84ca,0x1f400000,0x00000000,exp_word=0x1f400000
502,exponent,22,0x3a84cb,0x1f500000,0x00000000,exp_word=0x1f500000
503,exponent,22,0x3a84cc,0x1f600000,0x00000000,exp_word=0x1f600000
504,exponent,22,0x3a84cd,0x1f700000,0x00000000,exp_word=0x1f700000
505,exponent,22,0x3a84ce,0x1f800000,0x00000000,exp_word=0x1f800000
506,exponent,22,0x3a84cf,0x1f900000,0x00000000,exp_word=0x1f900000
507,exponent,22,0x3a84d0,0x1fa00000,0x00000000,exp_word=0x1fa00000
508,exponent,22,0x3a84d1,0x1fb00000,0x00000000,exp_word=0x1fb00000
509,exponent,22,0x3a84d2,0x1fc00000,0x00000000,exp_word=0x1fc00000
510,exponent,22,0x3a84d3,0x1fd00000,0x00000000,exp_word=0x1fd00000
511,exponent,22,0x3a84d4,0x1fe00000,0x00000000,exp_word=0x1fe00000
512,exponent,22,0x3a84d5,0x1ff00000,0x00000000,exp_word=0x1ff00000
513,exponent,22,0x3a84d6,0x20000000,0x00000000,exp_word=0x20000000
514,exponent,22,0x3a84d7,0x20100000,0x00000000,exp_word=0x20100000
515,exponent,22,0x3a84d8,0x20200000,0x00000000,exp_word=0x20200000
516,exponent,22,0x3a84d9,0x20300000,0x00000000,exp_word=0x20300000
517,exponent,22,0x3a84da,0x20400000,0x00000000,exp_word=0x20400000
518,exponent,22,0x3a84db,0x20500000,0x00000000,exp_word=0x20500000
519,exponent,22,0x3a84dc,0x20600000,0x00000000,exp_word=0x20600000
520,exponent,22,0x3a84dd,0x20700000,0x00000000,exp_word=0x20700000
521,exponent,22,0x3a84de,0x20800000,0x00000000,exp_word=0x20800000
522,exponent,22,0x3a84df,0x20900000,0x00000000,exp_word=0x20900000
523,exponent,22,0x3a84e0,0x20a00000,0x00000000,exp_word=0x20a00000
524,exponent,22,0x3a84e1,0x20b00000,0x00000000,exp_word=0x20b00000
525,exponent,22,0x3a84e2,0x20c00000,0x00000000,exp_word=0x20c00000
526,exponent,22,0x3a84e3,0x20d00000,0x00000000,exp_word=0x20d00000
527,exponent,22,0x3a84e4,0x20e00000,0x00000000,exp_word=0x20e00000
528,exponent,22,0x3a84e5,0x20f00000,0x00000000,exp_word=0x20f00000
529,exponent,22,0x3a84e6,0x21000000,0x00000000,exp_word=0x21000000
530,exponent,22,0x3a84e7,0x21100000,0x00000000,exp_word=0x21100000
531,exponent,22,0x3a84e8,0x21200000,0x00000000,exp_word=0x21200000
532,exponent,22,0x3a84e9,0x21300000,0x00000000,exp_word=0x21300000
533,exponent,22,0x3a84ea,0x21400000,0x00000000,exp_word=0x21400000
534,exponent,22,0x3a84eb,0x21500000,0x00000000,exp_word=0x21500000
535,exponent,22,0x3a84ec,0x21600000,0x00000000,exp_word=0x21600000
536,exponent,22,0x3a84ed,0x21700000,0x00000000,exp_word=0x21700000
537,exponent,22,0x3a84ee,0x21800000,0x00000000,exp_word=0x21800000
538,exponent,22,0x3a84ef,0x21900000,0x00000000,exp_word=0x21900000
539,exponent,22,0x3a84f0,0x21a00000,0x00000000,exp_word=0x21a00000
540,exponent,22,0x3a84f1,0x21b00000,0x00000000,exp_word=0x21b00000
541,exponent,22,0x3a84f2,0x21c00000,0x00000000,exp_word=0x21c00000
542,exponent,22,0x3a84f3,0x21d00000,0x00000000,exp_word=0x21d00000
543,exponent,22,0x3a84f4,0x21e00000,0x00000000,exp_word=0x21e00000
544,exponent,22,0x3a84f5,0x21f00000,0x00000000,exp_word=0x21f00000
545,exponent,22,0x3a84f6,0x22000000,0x00000000,exp_word=0x22000000
546,exponent,22,0x3a84f7,0x22100000,0x00000000,exp_word=0x22100000
547,exponent,22,0x3a84f8,0x22200000,0x00000000,exp_word=0x22200000
548,exponent,22,0x3a84f9,0x22300000,0x00000000,exp_word=0x22300000
549,exponent,22,0x3a84fa,0x22400000,0x00000000,exp_word=0x22400000
550,exponent,22,0x3a84fb,0x22500000,0x00000000,exp_word=0x22500000
551,exponent,22,0x3a84fc,0x22600000,0x00000000,exp_word=0x22600000
552,exponent,22,0x3a84fd,0x22700000,0x00000000,exp_word=0x22700000
553,exponent,22,0x3a84fe,0x22800000,0x00000000,exp_word=0x22800000
554,exponent,22,0x3a84ff,0x22900000,0x00000000,exp_word=0x22900000
555,exponent,22,0x3a8500,0x22a00000,0x00000000,exp_word=0x22a00000
556,exponent,22,0x3a8501,0x22b00000,0x00000000,exp_word=0x22b00000
557,exponent,22,0x3a8502,0x22c00000,0x00000000,exp_word=0x22c00000
558,exponent,22,0x3a8503,0x22d00000,0x00000000,exp_word=0x22d00000
559,exponent,22,0x3a8504,0x22e00000,0x00000000,exp_word=0x22e00000
560,exponent,22,0x3a8505,0x22f00000,0x00000000,exp_word=0x22f00000
561,exponent,22,0x3a8506,0x23000000,0x00000000,exp_word=0x23000000
562,exponent,22,0x3a8507,0x23100000,0x00000000,exp_word=0x23100000
563,exponent,22,0x3a8508,0x23200000,0x00000000,exp_word=0x23200000
564,exponent,22,0x3a8509,0x23300000,0x00000000,exp_word=0x23300000
565,exponent,22,0x3a850a,0x23400000,0x00000000,exp_word=0x23400000
566,exponent,22,0x3a850b,0x23500000,0x00000000,exp_word=0x23500000
567,exponent,22,0x3a850c,0x23600000,0x00000000,exp_word=0x23600000
568,exponent,22,0x3a850d,0x23700000,0x00000000,exp_word=0x23700000
569,exponent,22,0x3a850e,0x23800000,0x00000000,exp_word=0x23800000
570,exponent,22,0x3a850f,0x23900000,0x00000000,exp_word=0x23900000
571,exponent,22,0x3a8510,0x23a00000,0x00000000,exp_word=0x23a00000
572,exponent,22,0x3a8511,0x23b00000,0x00000000,exp_word=0x23b00000
573,exponent,22,0x3a8512,0x23c00000,0x00000000,exp_word=0x23c00000
574,exponent,22,0x3a8513,0x23d00000,0x00000000,exp_word=0x23d00000
575,exponent,22,0x3a8514,0x23e00000,0x00000000,exp_word=0x23e00000
576,exponent,22,0x3a8515,0x23f00000,0x00000000,exp_word=0x23f00000
577,exponent,22,0x3a8516,0x24000000,0x00000000,exp_word=0x24000000
578,exponent,22,0x3a8517,0x24100000,0x00000000,exp_word=0x24100000
579,exponent,22,0x3a8518,0x24200000,0x00000000,exp_word=0x24200000
580,exponent,22,0x3a8519,0x24300000,0x00000000,exp_word=0x24300000
581,exponent,22,0x3a851a,0x24400000,0x00000000,exp_word=0x24400000
582,exponent,22,0x3a851b,0x24500000,0x00000000,exp_word=0x24500000
583,exponent,22,0x3a851c,0x24600000,0x00000000,exp_word=0x24600000
584,exponent,22,0x3a851d,0x24700000,0x00000000,exp_word=0x24700000
585,exponent,22,0x3a851e,0x24800000,0x00000000,exp_word=0x24800000
586,exponent,22,0x3a851f,0x24900000,0x00000000,exp_word=0x24900000
587,exponent,22,0x3a8520,0x24a00000,0x00000000,exp_word=0x24a00000
588,exponent,22,0x3a8521,0x24b00000,0x00000000,exp_word=0x24b00000
589,exponent,22,0x3a8522,0x24c00000,0x00000000,exp_word=0x24c00000
590,exponent,22,0x3a8523,0x24d00000,0x00000000,exp_word=0x24d00000
591,exponent,22,0x3a8524,0x24e00000,0x00000000,exp_word=0x24e00000
592,exponent,22,0x3a8525,0x24f00000,0x00000000,exp_word=0x24f00000
593,exponent,22,0x3a8526,0x25000000,0x00000000,exp_word=0x25000000
594,exponent,22,0x3a8527,0x25100000,0x00000000,exp_word=0x25100000
595,exponent,22,0x3a8528,0x25200000,0x00000000,exp_word=0x25200000
596,exponent,22,0x3a8529,0x25300000,0x00000000,exp_word=0x25300000
597,exponent,22,0x3a852a,0x25400000,0x00000000,exp_word=0x25400000
598,exponent,22,0x3a852b,0x25500000,0x00000000,exp_word=0x25500000
599,exponent,22,0x3a852c,0x25600000,0x00000000,exp_word=0x25600000
600,exponent,22,0x3a852d,0x25700000,0x00000000,exp_word=0x25700000
601,exponent,22,0x3a852e,0x25800000,0x00000000,exp_word=0x25800000
602,exponent,22,0x3a852f,0x25900000,0x00000000,exp_word=0x25900000
603,exponent,22,0x3a8530,0x25a00000,0x00000000,exp_word=0x25a00000
604,exponent,22,0x3a8531,0x25b00000,0x00000000,exp_word=0x25b00000
605,exponent,22,0x3a8532,0x25c00000,0x00000000,exp_word=0x25c00000
606,exponent,22,0x3a8533,0x25d00000,0x00000000,exp_word=0x25d00000
607,exponent,22,0x3a8534,0x25e00000,0x00000000,exp_word=0x25e00000
608,exponent,22,0x3a8535,0x25f00000,0x00000000,exp_word=0x25f00000
609,exponent,22,0x3a8536,0x26000000,0x00000000,exp_word=0x26000000
610,exponent,22,0x3a8537,0x26100000,0x00000000,exp_word=0x26100000
611,exponent,22,0x3a8538,0x26200000,0x00000000,exp_word=0x26200000
612,exponent,22,0x3a8539,0x26300000,0x00000000,exp_word=0x26300000
613,exponent,22,0x3a853a,0x26400000,0x00000000,exp_word=0x26400000
614,exponent,22,0x3a853b,0x26500000,0x00000000,exp_word=0x26500000
615,exponent,22,0x3a853c,0x26600000,0x00000000,exp_word=0x26600000
616,exponent,22,0x3a853d,0x26700000,0x00000000,exp_word=0x26700000
617,exponent,22,0x3a853e,0x26800000,0x00000000,exp_word=0x26800000
618,exponent,22,0x3a853f,0x26900000,0x00000000,exp_word=0x26900000
619,exponent,22,0x3a8540,0x26a00000,0x00000000,exp_word=0x26a00000
620,exponent,22,0x3a8541,0x26b00000,0x00000000,exp_word=0x26b00000
621,exponent,22,0x3a8542,0x26c00000,0x00000000,exp_word=0x26c00000
622,exponent,22,0x3a8543,0x26d00000,0x00000000,exp_word=0x26d00000
623,exponent,22,0x3a8544,0x26e00000,0x00000000,exp_word=0x26e00000
624,exponent,22,0x3a8545,0x26f00000,0x00000000,exp_word=0x26f00000
625,exponent,22,0x3a8546,0x27000000,0x00000000,exp_word=0x27000000
626,exponent,22,0x3a8547,0x27100000,0x00000000,exp_word=0x27100000
627,exponent,22,0x3a8548,0x27200000,0x00000000,exp_word=0x27200000
628,exponent,22,0x3a8549,0x27300000,0x00000000,exp_word=0x27300000
629,exponent,22,0x3a854a,0x27400000,0x00000000,exp_word=0x27400000
630,exponent,22,0x3a854b,0x27500000,0x00000000,exp_word=0x27500000
631,exponent,22,0x3a854c,0x27600000,0x00000000,exp_word=0x27600000
632,exponent,22,0x3a854d,0x27700000,0x00000000,exp_word=0x27700000
633,exponent,22,0x3a854e,0x27800000,0x00000000,exp_word=0x27800000
634,exponent,22,0x3a854f,0x27900000,0x00000000,exp_word=0x27900000
635,exponent,22,0x3a8550,0x27a00000,0x00000000,exp_word=0x27a00000
636,exponent,22,0x3a8551,0x27b00000,0x00000000,exp_word=0x27b00000
637,exponent,22,0x3a8552,0x27c00000,0x00000000,exp_word=0x27c00000
638,exponent,22,0x3a8553,0x27d00000,0x00000000,exp_word=0x27d00000
639,exponent,22,0x3a8554,0x27e00000,0x00000000,exp_word=0x27e00000
640,exponent,22,0x3a8555,0x27f00000,0x00000000,exp_word=0x27f00000
641,exponent,22,0x3a8556,0x28000000,0x00000000,exp_word=0x28000000
642,exponent,22,0x3a8557,0x28100000,0x00000000,exp_word=0x28100000
643,exponent,22,0x3a8558,0x28200000,0x00000000,exp_word=0x28200000
644,exponent,22,0x3a8559,0x28300000,0x00000000,exp_word=0x28300000
645,exponent,22,0x3a855a,0x28400000,0x00000000,exp_word=0x28400000
646,exponent,22,0x3a855b,0x28500000,0x00000000,exp_word=0x28500000
647,exponent,22,0x3a855c,0x28600000,0x00000000,exp_word=0x28600000
648,exponent,22,0x3a855d,0x28700000,0x00000000,exp_word=0x28700000
649,exponent,22,0x3a855e,0x28800000,0x00000000,exp_word=0x28800000
650,exponent,22,0x3a855f,0x28900000,0x00000000,exp_word=0x28900000
651,exponent,22,0x3a8560,0x28a00000,0x00000000,exp_word=0x28a00000
652,exponent,22,0x3a8561,0x28b00000,0x00000000,exp_word=0x28b00000
653,exponent,22,0x3a8562,0x28c00000,0x00000000,exp_word=0x28c00000
654,exponent,22,0x3a8563,0x28d00000,0x00000000,exp_word=0x28d00000
655,exponent,22,0x3a8564,0x28e00000,0x00000000,exp_word=0x28e00000
656,exponent,22,0x3a8565,0x28f00000,0x00000000,exp_word=0x28f00000
657,exponent,22,0x3a8566,0x29000000,0x00000000,exp_word=0x29000000
658,exponent,22,0x3a8567,0x29100000,0x00000000,exp_word=0x29100000
659,exponent,22,0x3a8568,0x29200000,0x00000000,exp_word=0x29200000
660,exponent,22,0x3a8569,0x29300000,0x00000000,exp_word=0x29300000
661,exponent,22,0x3a856a,0x29400000,0x00000000,exp_word=0x29400000
662,exponent,22,0x3a856b,0x29500000,0x00000000,exp_word=0x29500000
663,exponent,22,0x3a856c,0x29600000,0x00000000,exp_word=0x29600000
664,exponent,22,0x3a856d,0x29700000,0x00000000,exp_word=0x29700000
665,exponent,22,0x3a856e,0x29800000,0x00000000,exp_word=0x29800000
666,exponent,22,0x3a856f,0x29900000,0x00000000,exp_word=0x29900000
667,exponent,22,0x3a8570,0x29a00000,0x00000000,exp_word=0x29a00000
668,exponent,22,0x3a8571,0x29b00000,0x00000000,exp_word=0x29b00000
669,exponent,22,0x3a8572,0x29c00000,0x00000000,exp_word=0x29c00000
670,exponent,22,0x3a8573,0x29d00000,0x00000000,exp_word=0x29d00000
671,exponent,22,0x3a8574,0x29e00000,0x00000000,exp_word=0x29e00000
672,exponent,22,0x3a8575,0x29f00000,0x00000000,exp_word=0x29f00000
673,exponent,22,0x3a8576,0x2a000000,0x00000000,exp_word=0x2a000000
674,exponent,22,0x3a8577,0x2a100000,0x00000000,exp_word=0x2a100000
675,exponent,22,0x3a8578,0x2a200000,0x00000000,exp_word=0x2a200000
676,exponent,22,0x3a8579,0x2a300000,0x00000000,exp_word=0x2a300000
677,exponent,22,0x3a857a,0x2a400000,0x00000000,exp_word=0x2a400000
678,exponent,22,0x3a857b,0x2a500000,0x00000000,exp_word=0x2a500000
679,exponent,22,0x3a857c,0x2a600000,0x00000000,exp_word=0x2a600000
680,exponent,22,0x3a857d,0x2a700000,0x00000000,exp_word=0x2a700000
681,exponent,22,0x3a857e,0x2a800000,0x00000000,exp_word=0x2a800000
682,exponent,22,0x3a857f,0x2a900000,0x00000000,exp_word=0x2a900000
683,exponent,22,0x3a8580,0x2aa00000,0x00000000,exp_word=0x2aa00000
684,exponent,22,0x3a8581,0x2ab00000,0x00000000,exp_word=0x2ab00000
685,exponent,22,0x3a8582,0x2ac00000,0x00000000,exp_word=0x2ac00000
686,exponent,22,0x3a8583,0x2ad00000,0x00000000,exp_word=0x2ad00000
687,exponent,22,0x3a8584,0x2ae00000,0x00000000,exp_word=0x2ae00000
688,exponent,22,0x3a8585,0x2af00000,0x00000000,exp_word=0x2af00000
689,exponent,22,0x3a8586,0x2b000000,0x00000000,exp_word=0x2b000000
690,exponent,22,0x3a8587,0x2b100000,0x00000000,exp_word=0x2b100000
691,exponent,22,0x3a8588,0x2b200000,0x00000000,exp_word=0x2b200000
692,exponent,22,0x3a8589,0x2b300000,0x00000000,exp_word=0x2b300000
693,exponent,22,0x3a858a,0x2b400000,0x00000000,exp_word=0x2b400000
694,exponent,22,0x3a858b,0x2b500000,0x00000000,exp_word=0x2b500000
695,exponent,22,0x3a858c,0x2b600000,0x00000000,exp_word=0x2b600000
696,exponent,22,0x3a858d,0x2b700000,0x00000000,exp_word=0x2b700000
697,exponent,22,0x3a858e,0x2b800000,0x00000000,exp_word=0x2b800000
698,exponent,22,0x3a858f,0x2b900000,0x00000000,exp_word=0x2b900000
699,exponent,22,0x3a8590,0x2ba00000,0x00000000,exp_word=0x2ba00000
700,exponent,22,0x3a8591,0x2bb00000,0x00000000,exp_word=0x2bb00000
701,exponent,22,0x3a8592,0x2bc00000,0x00000000,exp_word=0x2bc00000
702,exponent,22,0x3a8593,0x2bd00000,0x00000000,exp_word=0x2bd00000
703,exponent,22,0x3a8594,0x2be00000,0x00000000,exp_word=0x2be00000
704,exponent,22,0x3a8595,0x2bf00000,0x00000000,exp_word=0x2bf00000
705,exponent,22,0x3a8596,0x2c000000,0x00000000,exp_word=0x2c000000
706,exponent,22,0x3a8597,0x2c100000,0x00000000,exp_word=0x2c100000
707,exponent,22,0x3a8598,0x2c200000,0x00000000,exp_word=0x2c200000
708,exponent,22,0x3a8599,0x2c300000,0x00000000,exp_word=0x2c300000
709,exponent,22,0x3a859a,0x2c400000,0x00000000,exp_word=0x2c400000
710,exponent,22,0x3a859b,0x2c500000,0x00000000,exp_word=0x2c500000
711,exponent,22,0x3a859c,0x2c600000,0x00000000,exp_word=0x2c600000
712,exponent,22,0x3a859d,0x2c700000,0x00000000,exp_word=0x2c700000
713,exponent,22,0x3a859e,0x2c800000,0x00000000,exp_word=0x2c800000
714,exponent,22,0x3a859f,0x2c900000,0x00000000,exp_word=0x2c900000
715,exponent,22,0x3a85a0,0x2ca00000,0x00000000,exp_word=0x2ca00000
716,exponent,22,0x3a85a1,0x2cb00000,0x00000000,exp_word=0x2cb00000
717,exponent,22,0x3a85a2,0x2cc00000,0x00000000,exp_word=0x2cc00000
718,exponent,22,0x3a85a3,0x2cd00000,0x00000000,exp_word=0x2cd00000
719,exponent,22,0x3a85a4,0x2ce00000,0x00000000,exp_word=0x2ce00000
720,exponent,22,0x3a85a5,0x2cf00000,0x00000000,exp_word=0x2cf00000
721,exponent,22,0x3a85a6,0x2d000000,0x00000000,exp_word=0x2d000000
722,exponent,22,0x3a85a7,0x2d100000,0x00000000,exp_word=0x2d100000
723,exponent,22,0x3a85a8,0x2d200000,0x00000000,exp_word=0x2d200000
724,exponent,22,0x3a85a9,0x2d300000,0x00000000,exp_word=0x2d300000
725,exponent,22,0x3a85aa,0x2d400000,0x00000000,exp_word=0x2d400000
726,exponent,22,0x3a85ab,0x2d500000,0x00000000,exp_word=0x2d500000
727,exponent,22,0x3a85ac,0x2d600000,0x00000000,exp_word=0x2d600000
728,exponent,22,0x3a85ad,0x2d700000,0x00000000,exp_word=0x2d700000
729,exponent,22,0x3a85ae,0x2d800000,0x00000000,exp_word=0x2d800000
730,exponent,22,0x3a85af,0x2d900000,0x00000000,exp_word=0x2d900000
731,exponent,22,0x3a85b0,0x2da00000,0x00000000,exp_word=0x2da00000
732,exponent,22,0x3a85b1,0x2db00000,0x00000000,exp_word=0x2db00000
733,exponent,22,0x3a85b2,0x2dc00000,0x00000000,exp_word=0x2dc00000
734,exponent,22,0x3a85b3,0x2dd00000,0x00000000,exp_word=0x2dd00000
735,exponent,22,0x3a85b4,0x2de00000,0x00000000,exp_word=0x2de00000
736,exponent,22,0x3a85b5,0x2df00000,0x00000000,exp_word=0x2df00000
737,exponent,22,0x3a85b6,0x2e000000,0x00000000,exp_word=0x2e000000
738,exponent,22,0x3a85b7,0x2e100000,0x00000000,exp_word=0x2e100000
739,exponent,22,0x3a85b8,0x2e200000,0x00000000,exp_word=0x2e200000
740,exponent,22,0x3a85b9,0x2e300000,0x00000000,exp_word=0x2e300000
741,exponent,22,0x3a85ba,0x2e400000,0x00000000,exp_word=0x2e400000
742,exponent,22,0x3a85bb,0x2e500000,0x00000000,exp_word=0x2e500000
743,exponent,22,0x3a85bc,0x2e600000,0x00000000,exp_word=0x2e600000
744,exponent,22,0x3a85bd,0x2e700000,0x00000000,exp_word=0x2e700000
745,exponent,22,0x3a85be,0x2e800000,0x00000000,exp_word=0x2e800000
746,exponent,22,0x3a85bf,0x2e900000,0x00000000,exp_word=0x2e900000
747,exponent,22,0x3a85c0,0x2ea00000,0x00000000,exp_word=0x2ea00000
748,exponent,22,0x3a85c1,0x2eb00000,0x00000000,exp_word=0x2eb00000
749,exponent,22,0x3a85c2,0x2ec00000,0x00000000,exp_word=0x2ec00000
750,exponent,22,0x3a85c3,0x2ed00000,0x00000000,exp_word=0x2ed00000
751,exponent,22,0x3a85c4,0x2ee00000,0x00000000,exp_word=0x2ee00000
752,exponent,22,0x3a85c5,0x2ef00000,0x00000000,exp_word=0x2ef00000
753,exponent,22,0x3a85c6,0x2f000000,0x00000000,exp_word=0x2f000000
754,exponent,22,0x3a85c7,0x2f100000,0x00000000,exp_word=0x2f100000
755,exponent,22,0x3a85c8,0x2f200000,0x00000000,exp_word=0x2f200000
756,exponent,22,0x3a85c9,0x2f300000,0x00000000,exp_word=0x2f300000
757,exponent,22,0x3a85ca,0x2f400000,0x00000000,exp_word=0x2f400000
758,exponent,22,0x3a85cb,0x2f500000,0x00000000,exp_word=0x2f500000
759,exponent,22,0x3a85cc,0x2f600000,0x00000000,exp_word=0x2f600000
760,exponent,22,0x3a85cd,0x2f700000,0x00000000,exp_word=0x2f700000
761,exponent,22,0x3a85ce,0x2f800000,0x00000000,exp_word=0x2f800000
762,exponent,22,0x3a85cf,0x2f900000,0x00000000,exp_word=0x2f900000
763,exponent,22,0x3a85d0,0x2fa00000,0x00000000,exp_word=0x2fa00000
764,exponent,22,0x3a85d1,0x2fb00000,0x00000000,exp_word=0x2fb00000
765,exponent,22,0x3a85d2,0x2fc00000,0x00000000,exp_word=0x2fc00000
766,exponent,22,0x3a85d3,0x2fd00000,0x00000000,exp_word=0x2fd00000
767,exponent,22,0x3a85d4,0x2fe00000,0x00000000,exp_word=0x2fe00000
768,exponent,22,0x3a85d5,0x2ff00000,0x00000000,exp_word=0x2ff00000
769,exponent,22,0x3a85d6,0x30000000,0x00000000,exp_word=0x30000000
770,exponent,22,0x3a85d7,0x30100000,0x00000000,exp_word=0x30100000
771,exponent,22,0x3a85d8,0x30200000,0x00000000,exp_word=0x30200000
772,exponent,22,0x3a85d9,0x30300000,0x00000000,exp_word=0x30300000
773,exponent,22,0x3a85da,0x30400000,0x00000000,exp_word=0x30400000
774,exponent,22,0x3a85db,0x30500000,0x00000000,exp_word=0x30500000
775,exponent,22,0x3a85dc,0x30600000,0x00000000,exp_word=0x30600000
776,exponent,22,0x3a85dd,0x30700000,0x00000000,exp_word=0x30700000
777,exponent,22,0x3a85de,0x30800000,0x00000000,exp_word=0x30800000
778,exponent,22,0x3a85df,0x30900000,0x00000000,exp_word=0x30900000
779,exponent,22,0x3a85e0,0x30a00000,0x00000000,exp_word=0x30a00000
780,exponent,22,0x3a85e1,0x30b00000,0x00000000,exp_word=0x30b00000
781,exponent,22,0x3a85e2,0x30c00000,0x00000000,exp_word=0x30c00000
782,exponent,22,0x3a85e3,0x30d00000,0x00000000,exp_word=0x30d00000
783,exponent,22,0x3a85e4,0x30e00000,0x00000000,exp_word=0x30e00000
784,exponent,22,0x3a85e5,0x30f00000,0x00000000,exp_word=0x30f00000
785,exponent,22,0x3a85e6,0x31000000,0x00000000,exp_word=0x31000000
786,exponent,22,0x3a85e7,0x31100000,0x00000000,exp_word=0x31100000
787,exponent,22,0x3a85e8,0x31200000,0x00000000,exp_word=0x31200000
788,exponent,22,0x3a85e9,0x31300000,0x00000000,exp_word=0x31300000
789,exponent,22,0x3a85ea,0x31400000,0x00000000,exp_word=0x31400000
790,exponent,22,0x3a85eb,0x31500000,0x00000000,exp_word=0x31500000
791,exponent,22,0x3a85ec,0x31600000,0x00000000,exp_word=0x31600000
792,exponent,22,0x3a85ed,0x31700000,0x00000000,exp_word=0x31700000
793,exponent,22,0x3a85ee,0x31800000,0x00000000,exp_word=0x31800000
794,exponent,22,0x3a85ef,0x31900000,0x00000000,exp_word=0x31900000
795,exponent,22,0x3a85f0,0x31a00000,0x00000000,exp_word=0x31a00000
796,exponent,22,0x3a85f1,0x31b00000,0x00000000,exp_word=0x31b00000
797,exponent,22,0x3a85f2,0x31c00000,0x00000000,exp_word=0x31c00000
798,exponent,22,0x3a85f3,0x31d00000,0x00000000,exp_word=0x31d00000
799,exponent,22,0x3a85f4,0x31e00000,0x00000000,exp_word=0x31e00000
800,exponent,22,0x3a85f5,0x31f00000,0x00000000,exp_word=0x31f00000
801,exponent,22,0x3a85f6,0x32000000,0x00000000,exp_word=0x32000000
802,exponent,22,0x3a85f7,0x32100000,0x00000000,exp_word=0x32100000
803,exponent,22,0x3a85f8,0x32200000,0x00000000,exp_word=0x32200000
804,exponent,22,0x3a85f9,0x32300000,0x00000000,exp_word=0x32300000
805,exponent,22,0x3a85fa,0x32400000,0x00000000,exp_word=0x32400000
806,exponent,22,0x3a85fb,0x32500000,0x00000000,exp_word=0x32500000
807,exponent,22,0x3a85fc,0x32600000,0x00000000,exp_word=0x32600000
808,exponent,22,0x3a85fd,0x32700000,0x00000000,exp_word=0x32700000
809,exponent,22,0x3a85fe,0x32800000,0x00000000,exp_word=0x32800000
810,exponent,22,0x3a85ff,0x32900000,0x00000000,exp_word=0x32900000
811,exponent,22,0x3a8600,0x32a00000,0x00000000,exp_word=0x32a00000
812,exponent,22,0x3a8601,0x32b00000,0x00000000,exp_word=0x32b00000
813,exponent,22,0x3a8602,0x32c00000,0x00000000,exp_word=0x32c00000
814,exponent,22,0x3a8603,0x32d00000,0x00000000,exp_word=0x32d00000
815,exponent,22,0x3a8604,0x32e00000,0x00000000,exp_word=0x32e00000
816,exponent,22,0x3a8605,0x32f00000,0x00000000,exp_word=0x32f00000
817,exponent,22,0x3a8606,0x33000000,0x00000000,exp_word=0x33000000
818,exponent,22,0x3a8607,0x33100000,0x00000000,exp_word=0x33100000
819,exponent,22,0x3a8608,0x33200000,0x00000000,exp_word=0x33200000
820,exponent,22,0x3a8609,0x33300000,0x00000000,exp_word=0x33300000
821,exponent,22,0x3a860a,0x33400000,0x00000000,exp_word=0x33400000
822,exponent,22,0x3a860b,0x33500000,0x00000000,exp_word=0x33500000
823,exponent,22,0x3a860c,0x33600000,0x00000000,exp_word=0x33600000
824,exponent,22,0x3a860d,0x33700000,0x00000000,exp_word=0x33700000
825,exponent,22,0x3a860e,0x33800000,0x00000000,exp_word=0x33800000
826,exponent,22,0x3a860f,0x33900000,0x00000000,exp_word=0x33900000
827,exponent,22,0x3a8610,0x33a00000,0x00000000,exp_word=0x33a00000
828,exponent,22,0x3a8611,0x33b00000,0x00000000,exp_word=0x33b00000
829,exponent,22,0x3a8612,0x33c00000,0x00000000,exp_word=0x33c00000
830,exponent,22,0x3a8613,0x33d00000,0x00000000,exp_word=0x33d00000
831,exponent,22,0x3a8614,0x33e00000,0x00000000,exp_word=0x33e00000
832,exponent,22,0x3a8615,0x33f00000,0x00000000,exp_word=0x33f00000
833,exponent,22,0x3a8616,0x34000000,0x00000000,exp_word=0x34000000
834,exponent,22,0x3a8617,0x34100000,0x00000000,exp_word=0x34100000
835,exponent,22,0x3a8618,0x34200000,0x00000000,exp_word=0x34200000
836,exponent,22,0x3a8619,0x34300000,0x00000000,exp_word=0x34300000
837,exponent,22,0x3a861a,0x34400000,0x00000000,exp_word=0x34400000
838,exponent,22,0x3a861b,0x34500000,0x00000000,exp_word=0x34500000
839,exponent,22,0x3a861c,0x34600000,0x00000000,exp_word=0x34600000
840,exponent,22,0x3a861d,0x34700000,0x00000000,exp_word=0x34700000
841,exponent,22,0x3a861e,0x34800000,0x00000000,exp_word=0x34800000
842,exponent,22,0x3a861f,0x34900000,0x00000000,exp_word=0x34900000
843,exponent,22,0x3a8620,0x34a00000,0x00000000,exp_word=0x34a00000
844,exponent,22,0x3a8621,0x34b00000,0x00000000,exp_word=0x34b00000
845,exponent,22,0x3a8622,0x34c00000,0x00000000,exp_word=0x34c00000
846,exponent,22,0x3a8623,0x34d00000,0x00000000,exp_word=0x34d00000
847,exponent,22,0x3a8624,0x34e00000,0x00000000,exp_word=0x34e00000
848,exponent,22,0x3a8625,0x34f00000,0x00000000,exp_word=0x34f00000
849,exponent,22,0x3a8626,0x35000000,0x00000000,exp_word=0x35000000
850,exponent,22,0x3a8627,0x35100000,0x00000000,exp_word=0x35100000
851,exponent,22,0x3a8628,0x35200000,0x00000000,exp_word=0x35200000
852,exponent,22,0x3a8629,0x35300000,0x00000000,exp_word=0x35300000
853,exponent,18,0xf787,0x35400000,0x00000000,exp_word=0x35400000
854,exponent,18,0xd1d4,0x35500000,0x00000000,exp_word=0x35500000
855,exponent,19,0x77f9f,0x35600000,0x00000000,exp_word=0x35600000
856,exponent,18,0x3b8fb,0x35700000,0x00000000,exp_word=0x35700000
857,exponent,19,0x1ef1a,0x35800000,0x00000000,exp_word=0x35800000
858,exponent,21,0x1d4315,0x35900000,0x00000000,exp_word=0x35900000
859,exponent,16,0x3de2,0x35a00000,0x00000000,exp_word=0x35a00000
860,exponent,22,0x3a862c,0x35b00000,0x00000000,exp_word=0x35b00000
861,exponent,22,0x3a862d,0x35c00000,0x00000000,exp_word=0x35c00000
862,exponent,22,0x3a862e,0x35d00000,0x00000000,exp_word=0x35d00000
863,exponent,22,0x3a862f,0x35e00000,0x00000000,exp_word=0x35e00000
864,exponent,22,0x3a8630,0x35f00000,0x00000000,exp_word=0x35f00000
865,exponent,22,0x3a8631,0x36000000,0x00000000,exp_word=0x36000000
866,exponent,22,0x3a8632,0x36100000,0x00000000,exp_word=0x36100000
867,exponent,22,0x3a8633,0x36200000,0x00000000,exp_word=0x36200000
868,exponent,22,0x3a8634,0x36300000,0x00000000,exp_word=0x36300000
869,exponent,22,0x3a8635,0x36400000,0x00000000,exp_word=0x36400000
870,exponent,22,0x3a8636,0x36500000,0x00000000,exp_word=0x36500000
871,exponent,22,0x3a8637,0x36600000,0x00000000,exp_word=0x36600000
872,exponent,22,0x3a8638,0x36700000,0x00000000,exp_word=0x36700000
873,exponent,21,0x1d431d,0x36800000,0x00000000,exp_word=0x36800000
874,exponent,22,0x3a8639,0x36900000,0x00000000,exp_word=0x36900000
875,exponent,22,0x3a863c,0x36a00000,0x00000000,exp_word=0x36a00000
876,exponent,16,0x3de0,0x36b00000,0x00000000,exp_word=0x36b00000
877,exponent,18,0x3a95e,0x36c00000,0x00000000,exp_word=0x36c00000
878,exponent,21,0x1d431f,0x36d00000,0x00000000,exp_word=0x36d00000
879,exponent,22,0x3a863d,0x36e00000,0x00000000,exp_word=0x36e00000
880,exponent,22,0x3a8640,0x36f00000,0x00000000,exp_word=0x36f00000
881,exponent,20,0x34749,0x37000000,0x00000000,exp_word=0x37000000
882,exponent,20,0x3474d,0x37100000,0x00000000,exp_word=0x37100000
883,exponent,22,0x3a8641,0x37200000,0x00000000,exp_word=0x37200000
884,exponent,22,0x3a8642,0x37300000,0x00000000,exp_word=0x37300000
885,exponent,22,0x3a8643,0x37400000,0x00000000,exp_word=0x37400000
886,exponent,22,0x3a8644,0x37500000,0x00000000,exp_word=0x37500000
887,exponent,22,0x3a8645,0x37600000,0x00000000,exp_word=0x37600000
888,exponent,22,0x3a8646,0x37700000,0x00000000,exp_word=0x37700000
889,exponent,22,0x3a8647,0x37800000,0x00000000,exp_word=0x37800000
890,exponent,22,0x3a8648,0x37900000,0x00000000,exp_word=0x37900000
891,exponent,22,0x3a8649,0x37a00000,0x00000000,exp_word=0x37a00000
892,exponent,22,0x3a864a,0x37b00000,0x00000000,exp_word=0x37b00000
893,exponent,22,0x3a864b,0x37c00000,0x00000000,exp_word=0x37c00000
894,exponent,22,0x3a864c,0x37d00000,0x00000000,exp_word=0x37d00000
895,exponent,22,0x3a864d,0x37e00000,0x00000000,exp_word=0x37e00000
896,exponent,22,0x3a864e,0x37f00000,0x00000000,exp_word=0x37f00000
897,exponent,22,0x3a864f,0x38000000,0x00000000,exp_word=0x38000000
898,exponent,22,0x3a8650,0x38100000,0x00000000,exp_word=0x38100000
899,exponent,22,0x3a8651,0x38200000,0x00000000,exp_word=0x38200000
900,exponent,22,0x3a8652,0x38300000,0x00000000,exp_word=0x38300000
901,exponent,22,0x3a8653,0x38400000,0x00000000,exp_word=0x38400000
902,exponent,22,0x3a8654,0x38500000,0x00000000,exp_word=0x38500000
903,exponent,22,0x3a8655,0x38600000,0x00000000,exp_word=0x38600000
904,exponent,22,0x3a8656,0x38700000,0x00000000,exp_word=0x38700000
905,exponent,22,0x3a8657,0x38800000,0x00000000,exp_word=0x38800000
906,exponent,22,0x3a8658,0x38900000,0x00000000,exp_word=0x38900000
907,exponent,22,0x3a8659,0x38a00000,0x00000000,exp_word=0x38a00000
908,exponent,22,0x3a865a,0x38b00000,0x00000000,exp_word=0x38b00000
909,exponent,22,0x3a865b,0x38c00000,0x00000000,exp_word=0x38c00000
910,exponent,22,0x3a865c,0x38d00000,0x00000000,exp_word=0x38d00000
911,exponent,22,0x3a865d,0x38e00000,0x00000000,exp_word=0x38e00000
912,exponent,21,0x1d432f,0x38f00000,0x00000000,exp_word=0x38f00000
913,exponent,22,0x3a8660,0x39000000,0x00000000,exp_word=0x39000000
914,exponent,22,0x3a8661,0x39100000,0x00000000,exp_word=0x39100000
915,exponent,22,0x3a8662,0x39200000,0x00000000,exp_word=0x39200000
916,exponent,21,0x1d4332,0x39300000,0x00000000,exp_word=0x39300000
917,exponent,18,0xd1d5,0x39400000,0x00000000,exp_word=0x39400000
918,exponent,18,0x3bfda,0x39500000,0x00000000,exp_word=0x39500000
919,exponent,15,0x7528,0x39600000,0x00000000,exp_word=0x39600000
920,exponent,15,0x7529,0x39700000,0x00000000,exp_word=0x39700000
921,exponent,18,0x3a95f,0x39800000,0x00000000,exp_word=0x39800000
922,exponent,17,0x1d434,0x39900000,0x00000000,exp_word=0x39900000
923,exponent,19,0x750cd,0x39a00000,0x00000000,exp_word=0x39a00000
924,exponent,18,0x3a867,0x39b00000,0x00000000,exp_word=0x39b00000
925,exponent,19,0x771fd,0x39c00000,0x00000000,exp_word=0x39c00000
926,exponent,15,0x7764,0x39d00000,0x00000000,exp_word=0x39d00000
927,exponent,20,0xee3f9,0x39e00000,0x00000000,exp_word=0x39e00000
928,exponent,18,0x3bfdb,0x39f00000,0x00000000,exp_word=0x39f00000
929,exponent,16,0xeff7,0x3a000000,0x00000000,exp_word=0x3a000000
930,exponent,18,0xd1d6,0x3a100000,0x00000000,exp_word=0x3a100000
931,exponent,22,0x3a8663,0x3a200000,0x00000000,exp_word=0x3a200000
932,exponent,22,0x3a8666,0x3a300000,0x00000000,exp_word=0x3a300000
933,exponent,18,0x3b8fa,0x3a400000,0x00000000,exp_word=0x3a400000
934,exponent,17,0x1d435,0x3a500000,0x00000000,exp_word=0x3a500000
935,exponent,17,0x1dfe4,0x3a600000,0x00000000,exp_word=0x3a600000
936,exponent,19,0x750d8,0x3a700000,0x00000000,exp_word=0x3a700000
937,exponent,18,0x3a95b,0x3a800000,0x00000000,exp_word=0x3a800000
938,exponent,19,0x77f9e,0x3a900000,0x00000000,exp_word=0x3a900000
939,exponent,19,0x750d9,0x3aa00000,0x00000000,exp_word=0x3aa00000
940,exponent,18,0xd1d7,0x3ab00000,0x00000000,exp_word=0x3ab00000
941,exponent,18,0x3b8ff,0x3ac00000,0x00000000,exp_word=0x3ac00000
942,exponent,17,0x1dc7c,0x3ad00000,0x00000000,exp_word=0x3ad00000
943,exponent,19,0x750da,0x3ae00000,0x00000000,exp_word=0x3ae00000
944,exponent,17,0x7bc2,0x3af00000,0x00000000,exp_word=0x3af00000
945,exponent,18,0x3bfca,0x3b000000,0x00000000,exp_word=0x3b000000
946,exponent,19,0x1a3a5,0x3b100000,0x00000000,exp_word=0x3b100000
947,exponent,17,0x1d4ac,0x3b200000,0x00000000,exp_word=0x3b200000
948,exponent,18,0x3a86e,0x3b300000,0x00000000,exp_word=0x3b300000
949,exponent,17,0x1d438,0x3b400000,0x00000000,exp_word=0x3b400000
950,exponent,18,0x3bfcb,0x3b500000,0x00000000,exp_word=0x3b500000
951,exponent,19,0x1a3a7,0x3b600000,0x00000000,exp_word=0x3b600000
952,exponent,17,0x1d4ae,0x3b700000,0x00000000,exp_word=0x3b700000
953,exponent,18,0x3bfce,0x3b800000,0x00000000,exp_word=0x3b800000
954,exponent,18,0xf78c,0x3b900000,0x00000000,exp_word=0x3b900000
955,exponent,17,0x1dfec,0x3ba00000,0x00000000,exp_word=0x3ba00000
956,exponent,17,0x1d439,0x3bb00000,0x00000000,exp_word=0x3bb00000
957,exponent,17,0x68e8,0x3bc00000,0x00000000,exp_word=0x3bc00000
958,exponent,18,0xf786,0x3bd00000,0x00000000,exp_word=0x3bd00000
959,exponent,15,0x771e,0x3be00000,0x00000000,exp_word=0x3be00000
960,exponent,17,0x1dfe6,0x3bf00000,0x00000000,exp_word=0x3bf00000
961,exponent,15,0x77f8,0x3c000000,0x00000000,exp_word=0x3c000000
962,exponent,14,0x3bb3,0x3c100000,0x00000000,exp_word=0x3c100000
963,exponent,14,0x3b8e,0x3c200000,0x00000000,exp_word=0x3c200000
964,exponent,14,0x3a82,0x3c300000,0x00000000,exp_word=0x3c300000
965,exponent,14,0x3b96,0x3c400000,0x00000000,exp_word=0x3c400000
966,exponent,13,0x68f,0x3c500000,0x00000000,exp_word=0x3c500000
967,exponent,12,0x3d4,0x3c600000,0x00000000,exp_word=0x3c600000
968,exponent,13,0x1dca,0x3c700000,0x00000000,exp_word=0x3c700000
969,exponent,12,0x346,0x3c800000,0x00000000,exp_word=0x3c800000
970,exponent,12,0xee7,0x3c900000,0x00000000,exp_word=0x3c900000
971,exponent,12,0xeea,0x3ca00000,0x00000000,exp_word=0x3ca00000
972,exponent,11,0x1ed,0x3cb00000,0x00000000,exp_word=0x3cb00000
973,exponent,12,0x3df,0x3cc00000,0x00000000,exp_word=0x3cc00000
974,exponent,11,0x1a2,0x3cd00000,0x00000000,exp_word=0x3cd00000
975,exponent,11,0x56f,0x3ce00000,0x00000000,exp_word=0x3ce00000
976,exponent,11,0xb9,0x3cf00000,0x00000000,exp_word=0x3cf00000
977,exponent,13,0x7b2,0x3d000000,0x00000000,exp_word=0x3d000000
978,exponent,13,0x1dd8,0x3d100000,0x00000000,exp_word=0x3d100000
979,exponent,13,0x15ba,0x3d200000,0x00000000,exp_word=0x3d200000
980,exponent,12,0xee6,0x3d300000,0x00000000,exp_word=0x3d300000
981,exponent,13,0x15b8,0x3d400000,0x00000000,exp_word=0x3d400000
982,exponent,14,0xf79,0x3d500000,0x00000000,exp_word=0x3d500000
983,exponent,14,0x3a81,0x3d600000,0x00000000,exp_word=0x3d600000
984,exponent,14,0xd1c,0x3d700000,0x00000000,exp_word=0x3d700000
985,exponent,15,0x7765,0x3d800000,0x00000000,exp_word=0x3d800000
986,exponent,14,0xf54,0x3d900000,0x00000000,exp_word=0x3d900000
987,exponent,13,0x15b9,0x3da00000,0x00000000,exp_word=0x3da00000
988,exponent,13,0x7ab,0x3db00000,0x00000000,exp_word=0x3db00000
989,exponent,15,0x7500,0x3dc00000,0x00000000,exp_word=0x3dc00000
990,exponent,15,0x1eaa,0x3dd00000,0x00000000,exp_word=0x3dd00000
991,exponent,15,0x7501,0x3de00000,0x00000000,exp_word=0x3de00000
992,exponent,15,0x1eab,0x3df00000,0x00000000,exp_word=0x3df00000
993,exponent,14,0x3b97,0x3e000000,0x00000000,exp_word=0x3e000000
994,exponent,15,0x752a,0x3e100000,0x00000000,exp_word=0x3e100000
995,exponent,15,0x77fa,0x3e200000,0x00000000,exp_word=0x3e200000
996,double,10,0xf4,0x3e35798e,0xe2308c3a,5e-09
997,exponent,14,0x3a93,0x3e300000,0x00000000,exp_word=0x3e300000
998,double,11,0x77c,0x3e45798e,0xe2308c3a,1e-08
999,exponent,13,0x1dc6,0x3e400000,0x00000000,exp_word=0x3e400000
1000,exponent,13,0x7bd,0x3e500000,0x00000000,exp_word=0x3e500000
1001,exponent,13,0x1dff,0x3e600000,0x00000000,exp_word=0x3e600000
1002,exponent,12,0xefe,0x3e700000,0x00000000,exp_word=0x3e700000
1003,double,8,0xaf,0x3e8ad7f2,0x9abcaf4a,2.0000000000000004e-07
1004,exponent,12,0xeed,0x3e800000,0x00000000,exp_word=0x3e800000
1005,exponent,11,0xb8,0x3e900000,0x00000000,exp_word=0x3e900000
1006,exponent,12,0x3d8,0x3ea00000,0x00000000,exp_word=0x3ea00000
1007,exponent,11,0x1eb,0x3eb00000,0x00000000,exp_word=0x3eb00000
1008,double,9,0x1d2,0x3ec0c6f7,0xa0b5ed8e,2.0000000000000003e-06
1009,exponent,13,0x1d4b,0x3ec00000,0x00000000,exp_word=0x3ec00000
1010,exponent,13,0x7b3,0x3ed00000,0x00000000,exp_word=0x3ed00000
1011,exponent,10,0x5d,0x3ee00000,0x00000000,exp_word=0x3ee00000
1012,exponent,12,0xeeb,0x3ef00000,0x00000000,exp_word=0x3ef00000
1013,exponent,11,0x1ee,0x3f000000,0x00000000,exp_word=0x3f000000
1014,exponent,10,0x5f,0x3f100000,0x00000000,exp_word=0x3f100000
1015,exponent,10,0x2b6,0x3f200000,0x00000000,exp_word=0x3f200000
1016,exponent,9,0x1de,0x3f300000,0x00000000,exp_word=0x3f300000
1017,double,10,0xd0,0x3f454c98,0x5f06f694,0.00065
1018,double,6,0x9,0x3f4a36e2,0xeb1c432d,0.0008
1019,exponent,8,0xe8,0x3f400000,0x00000000,exp_word=0x3f400000
1020,double,4,0xf,0x3f50624d,0xd2f1a9fc,0.001
1021,exponent,8,0xae,0x3f500000,0x00000000,exp_word=0x3f500000
1022,double,5,0x16,0x3f60624d,0xd2f1a9fc,0.002
1023,exponent,7,0x1b,0x3f600000,0x00000000,exp_word=0x3f600000
1024,exponent,7,0x76,0x3f700000,0x00000000,exp_word=0x3f700000
1025,exponent,7,0xa,0x3f800000,0x00000000,exp_word=0x3f800000
1026,exponent,6,0x8,0x3f900000,0x00000000,exp_word=0x3f900000
1027,exponent,6,0xe,0x3fa00000,0x00000000,exp_word=0x3fa00000
1028,double,11,0x751,0x3fbe69ad,0x42c3c9ee,0.11879999999999999
1029,exponent,6,0x4,0x3fb00000,0x00000000,exp_word=0x3fb00000
1030,exponent,6,0xc,0x3fc00000,0x00000000,exp_word=0x3fc00000
1031,exponent,5,0x3,0x3fd00000,0x00000000,exp_word=0x3fd00000
1032,double,11,0x777,0x3fe00000,0x00000000,0.5
1033,double,9,0x1d6,0x3fefffff,0xf8000002,0.999999985098839
1034,exponent,4,0x8,0x3fe00000,0x00000000,exp_word=0x3fe00000
1035,double,4,0x0,0x3ff00000,0x00000000,1.0
1036,exponent,5,0x13,0x3ff00000,0x00000000,exp_word=0x3ff00000
1037,exponent,5,0x1b,0x40000000,0x00000000,exp_word=0x40000000
1038,double,9,0x15a,0x401921fb,0x54442d18,6.283185307179586
1039,exponent,5,0x17,0x40100000,0x00000000,exp_word=0x40100000
1040,exponent,5,0x12,0x40200000,0x00000000,exp_word=0x40200000
1041,double,11,0x774,0x4035ee14,0x80000000,21.93000030517578
1042,exponent,5,0x19,0x40300000,0x00000000,exp_word=0x40300000
1043,double,9,0x1d3,0x404ca5dc,0x1a63c1f8,57.29577951308232
1044,exponent,5,0x1a,0x40400000,0x00000000,exp_word=0x40400000
1045,double,11,0x77e,0x405bb32f,0xe0000000,110.79979705810547
1046,double,10,0x5e,0x405c332f,0xe0000000,112.79979705810547
1047,exponent,5,0x18,0x40500000,0x00000000,exp_word=0x40500000
1048,double,9,0x1d7,0x40668000,0x00000000,180.0
1049,exponent,5,0x1c,0x40600000,0x00000000,exp_word=0x40600000
1050,double,9,0x1d5,0x40768000,0x00000000,360.0
1051,exponent,5,0x14,0x40700000,0x00000000,exp_word=0x40700000
1052,double,11,0x77d,0x408f4000,0x00000000,1000.0
1053,exponent,5,0x5,0x40800000,0x00000000,exp_word=0x40800000
1054,double,10,0xd2,0x409233ff,0xffffffff,1164.9999999999998
1055,double,8,0x3c,0x40923400,0x00000000,1165.0
1056,double,11,0x753,0x40923400,0x00000001,1165.0000000000002
1057,double,10,0xd3,0x4092abff,0xffffffff,1194.9999999999998
1058,double,8,0x35,0x4092ac00,0x00000000,1195.0
1059,double,11,0x770,0x4092ac00,0x00000001,1195.0000000000002
1060,exponent,8,0x16,0x40900000,0x00000000,exp_word=0x40900000
1061,exponent,12,0xee2,0x40a00000,0x00000000,exp_word=0x40a00000
1062,exponent,12,0xee4,0x40b00000,0x00000000,exp_word=0x40b00000
1063,double,7,0x1f,0x40c81c80,0x00000000,12345.0
1064,exponent,8,0xac,0x40c00000,0x00000000,exp_word=0x40c00000
1065,exponent,13,0x15bb,0x40d00000,0x00000000,exp_word=0x40d00000
1066,exponent,22,0x3a8667,0x40e00000,0x00000000,exp_word=0x40e00000
1067,exponent,22,0x3a86d8,0x40f00000,0x00000000,exp_word=0x40f00000
1068,exponent,22,0x3a86d9,0x41000000,0x00000000,exp_word=0x41000000
1069,exponent,22,0x3a86da,0x41100000,0x00000000,exp_word=0x41100000
1070,exponent,17,0x1dc7e,0x41200000,0x00000000,exp_word=0x41200000
1071,exponent,22,0x3a86db,0x41300000,0x00000000,exp_word=0x41300000
1072,exponent,22,0x3a86dc,0x41400000,0x00000000,exp_word=0x41400000
1073,exponent,22,0x3a86dd,0x41500000,0x00000000,exp_word=0x41500000
1074,exponent,22,0x3a86de,0x41600000,0x00000000,exp_word=0x41600000
1075,exponent,22,0x3a86df,0x41700000,0x00000000,exp_word=0x41700000
1076,exponent,22,0x3a86f0,0x41800000,0x00000000,exp_word=0x41800000
1077,exponent,22,0x3a86f1,0x41900000,0x00000000,exp_word=0x41900000
1078,exponent,22,0x3a86f2,0x41a00000,0x00000000,exp_word=0x41a00000
1079,exponent,22,0x3a86f3,0x41b00000,0x00000000,exp_word=0x41b00000
1080,double,6,0x2a,0x41cdcd64,0xff800000,999999999.0
1081,exponent,22,0x3a86f4,0x41c00000,0x00000000,exp_word=0x41c00000
1082,exponent,22,0x3a86f5,0x41d00000,0x00000000,exp_word=0x41d00000
1083,exponent,22,0x3a86f6,0x41e00000,0x00000000,exp_word=0x41e00000
1084,exponent,22,0x3a86f7,0x41f00000,0x00000000,exp_word=0x41f00000
1085,exponent,22,0x3a86f8,0x42000000,0x00000000,exp_word=0x42000000
1086,exponent,22,0x3a86f9,0x42100000,0x00000000,exp_word=0x42100000
1087,exponent,22,0x3a86fa,0x42200000,0x00000000,exp_word=0x42200000
1088,exponent,22,0x3a86fb,0x42300000,0x00000000,exp_word=0x42300000
1089,exponent,22,0x3a86fc,0x42400000,0x00000000,exp_word=0x42400000
1090,exponent,22,0x3a86fd,0x42500000,0x00000000,exp_word=0x42500000
1091,exponent,22,0x3a86fe,0x42600000,0x00000000,exp_word=0x42600000
1092,exponent,22,0x3a86ff,0x42700000,0x00000000,exp_word=0x42700000
1093,exponent,22,0x3a8740,0x42800000,0x00000000,exp_word=0x42800000
1094,exponent,22,0x3a8741,0x42900000,0x00000000,exp_word=0x42900000
1095,exponent,22,0x3a8742,0x42a00000,0x00000000,exp_word=0x42a00000
1096,exponent,22,0x3a8743,0x42b00000,0x00000000,exp_word=0x42b00000
1097,exponent,22,0x3a8744,0x42c00000,0x00000000,exp_word=0x42c00000
1098,exponent,22,0x3a8745,0x42d00000,0x00000000,exp_word=0x42d00000
1099,exponent,22,0x3a8746,0x42e00000,0x00000000,exp_word=0x42e00000
1100,exponent,22,0x3a8747,0x42f00000,0x00000000,exp_word=0x42f00000
1101,exponent,22,0x3a8748,0x43000000,0x00000000,exp_word=0x43000000
1102,exponent,22,0x3a8749,0x43100000,0x00000000,exp_word=0x43100000
1103,exponent,22,0x3a874a,0x43200000,0x00000000,exp_word=0x43200000
1104,exponent,22,0x3a874b,0x43300000,0x00000000,exp_word=0x43300000
1105,exponent,22,0x3a874c,0x43400000,0x00000000,exp_word=0x43400000
1106,exponent,22,0x3a874d,0x43500000,0x00000000,exp_word=0x43500000
1107,exponent,22,0x3a874e,0x43600000,0x00000000,exp_word=0x43600000
1108,exponent,22,0x3a874f,0x43700000,0x00000000,exp_word=0x43700000
1109,exponent,22,0x3a8750,0x43800000,0x00000000,exp_word=0x43800000
1110,exponent,22,0x3a8751,0x43900000,0x00000000,exp_word=0x43900000
1111,exponent,22,0x3a8752,0x43a00000,0x00000000,exp_word=0x43a00000
1112,exponent,22,0x3a8753,0x43b00000,0x00000000,exp_word=0x43b00000
1113,exponent,22,0x3a8754,0x43c00000,0x00000000,exp_word=0x43c00000
1114,exponent,22,0x3a8755,0x43d00000,0x00000000,exp_word=0x43d00000
1115,exponent,22,0x3a8756,0x43e00000,0x00000000,exp_word=0x43e00000
1116,exponent,22,0x3a8757,0x43f00000,0x00000000,exp_word=0x43f00000
1117,exponent,22,0x3a8758,0x44000000,0x00000000,exp_word=0x44000000
1118,exponent,15,0x1a3b,0x44100000,0x00000000,exp_word=0x44100000
1119,exponent,22,0x3a8759,0x44200000,0x00000000,exp_word=0x44200000
1120,exponent,22,0x3a875a,0x44300000,0x00000000,exp_word=0x44300000
1121,exponent,22,0x3a875b,0x44400000,0x00000000,exp_word=0x44400000
1122,exponent,22,0x3a875c,0x44500000,0x00000000,exp_word=0x44500000
1123,exponent,22,0x3a875d,0x44600000,0x00000000,exp_word=0x44600000
1124,exponent,22,0x3a875e,0x44700000,0x00000000,exp_word=0x44700000
1125,exponent,22,0x3a875f,0x44800000,0x00000000,exp_word=0x44800000
1126,exponent,22,0x3a8760,0x44900000,0x00000000,exp_word=0x44900000
1127,exponent,22,0x3a8761,0x44a00000,0x00000000,exp_word=0x44a00000
1128,exponent,22,0x3a8762,0x44b00000,0x00000000,exp_word=0x44b00000
1129,exponent,22,0x3a8763,0x44c00000,0x00000000,exp_word=0x44c00000
1130,exponent,22,0x3a8764,0x44d00000,0x00000000,exp_word=0x44d00000
1131,exponent,22,0x3a8765,0x44e00000,0x00000000,exp_word=0x44e00000
1132,exponent,22,0x3a8766,0x44f00000,0x00000000,exp_word=0x44f00000
1133,exponent,22,0x3a8767,0x45000000,0x00000000,exp_word=0x45000000
1134,exponent,22,0x3a8768,0x45100000,0x00000000,exp_word=0x45100000
1135,exponent,22,0x3a8769,0x45200000,0x00000000,exp_word=0x45200000
1136,exponent,22,0x3a876a,0x45300000,0x00000000,exp_word=0x45300000
1137,exponent,22,0x3a876b,0x45400000,0x00000000,exp_word=0x45400000
1138,exponent,22,0x3a876c,0x45500000,0x00000000,exp_word=0x45500000
1139,exponent,22,0x3a876d,0x45600000,0x00000000,exp_word=0x45600000
1140,exponent,22,0x3a876e,0x45700000,0x00000000,exp_word=0x45700000
1141,exponent,22,0x3a876f,0x45800000,0x00000000,exp_word=0x45800000
1142,exponent,22,0x3a8770,0x45900000,0x00000000,exp_word=0x45900000
1143,exponent,22,0x3a8771,0x45a00000,0x00000000,exp_word=0x45a00000
1144,exponent,22,0x3a8772,0x45b00000,0x00000000,exp_word=0x45b00000
1145,exponent,22,0x3a8773,0x45c00000,0x00000000,exp_word=0x45c00000
1146,exponent,22,0x3a8774,0x45d00000,0x00000000,exp_word=0x45d00000
1147,exponent,22,0x3a8775,0x45e00000,0x00000000,exp_word=0x45e00000
1148,exponent,22,0x3a8776,0x45f00000,0x00000000,exp_word=0x45f00000
1149,exponent,22,0x3a8777,0x46000000,0x00000000,exp_word=0x46000000
1150,exponent,22,0x3a8778,0x46100000,0x00000000,exp_word=0x46100000
1151,exponent,22,0x3a8779,0x46200000,0x00000000,exp_word=0x46200000
1152,exponent,22,0x3a877a,0x46300000,0x00000000,exp_word=0x46300000
1153,exponent,22,0x3a877b,0x46400000,0x00000000,exp_word=0x46400000
1154,exponent,22,0x3a877c,0x46500000,0x00000000,exp_word=0x46500000
1155,exponent,22,0x3a877d,0x46600000,0x00000000,exp_word=0x46600000
1156,exponent,22,0x3a877e,0x46700000,0x00000000,exp_word=0x46700000
1157,exponent,22,0x3a877f,0x46800000,0x00000000,exp_word=0x46800000
1158,exponent,22,0x3a8780,0x46900000,0x00000000,exp_word=0x46900000
1159,exponent,22,0x3a8781,0x46a00000,0x00000000,exp_word=0x46a00000
1160,exponent,22,0x3a8782,0x46b00000,0x00000000,exp_word=0x46b00000
1161,exponent,22,0x3a8783,0x46c00000,0x00000000,exp_word=0x46c00000
1162,exponent,22,0x3a8784,0x46d00000,0x00000000,exp_word=0x46d00000
1163,exponent,22,0x3a8785,0x46e00000,0x00000000,exp_word=0x46e00000
1164,exponent,22,0x3a8786,0x46f00000,0x00000000,exp_word=0x46f00000
1165,exponent,22,0x3a8787,0x47000000,0x00000000,exp_word=0x47000000
1166,exponent,22,0x3a8788,0x47100000,0x00000000,exp_word=0x47100000
1167,exponent,22,0x3a8789,0x47200000,0x00000000,exp_word=0x47200000
1168,exponent,22,0x3a878a,0x47300000,0x00000000,exp_word=0x47300000
1169,exponent,22,0x3a878b,0x47400000,0x00000000,exp_word=0x47400000
1170,exponent,22,0x3a878c,0x47500000,0x00000000,exp_word=0x47500000
1171,exponent,22,0x3a878d,0x47600000,0x00000000,exp_word=0x47600000
1172,exponent,22,0x3a878e,0x47700000,0x00000000,exp_word=0x47700000
1173,exponent,22,0x3a878f,0x47800000,0x00000000,exp_word=0x47800000
1174,exponent,22,0x3a8790,0x47900000,0x00000000,exp_word=0x47900000
1175,exponent,22,0x3a8791,0x47a00000,0x00000000,exp_word=0x47a00000
1176,exponent,22,0x3a8792,0x47b00000,0x00000000,exp_word=0x47b00000
1177,exponent,22,0x3a8793,0x47c00000,0x00000000,exp_word=0x47c00000
1178,exponent,22,0x3a8794,0x47d00000,0x00000000,exp_word=0x47d00000
1179,exponent,22,0x3a8795,0x47e00000,0x00000000,exp_word=0x47e00000
1180,exponent,22,0x3a8796,0x47f00000,0x00000000,exp_word=0x47f00000
1181,exponent,22,0x3a8797,0x48000000,0x00000000,exp_word=0x48000000
1182,exponent,22,0x3a8798,0x48100000,0x00000000,exp_word=0x48100000
1183,exponent,22,0x3a8799,0x48200000,0x00000000,exp_word=0x48200000
1184,exponent,22,0x3a879a,0x48300000,0x00000000,exp_word=0x48300000
1185,exponent,22,0x3a879b,0x48400000,0x00000000,exp_word=0x48400000
1186,exponent,22,0x3a879c,0x48500000,0x00000000,exp_word=0x48500000
1187,exponent,22,0x3a879d,0x48600000,0x00000000,exp_word=0x48600000
1188,exponent,22,0x3a879e,0x48700000,0x00000000,exp_word=0x48700000
1189,exponent,22,0x3a879f,0x48800000,0x00000000,exp_word=0x48800000
1190,exponent,22,0x3a87a0,0x48900000,0x00000000,exp_word=0x48900000
1191,exponent,22,0x3a87a1,0x48a00000,0x00000000,exp_word=0x48a00000
1192,exponent,22,0x3a87a2,0x48b00000,0x00000000,exp_word=0x48b00000
1193,exponent,22,0x3a87a3,0x48c00000,0x00000000,exp_word=0x48c00000
1194,exponent,22,0x3a87a4,0x48d00000,0x00000000,exp_word=0x48d00000
1195,exponent,22,0x3a87a5,0x48e00000,0x00000000,exp_word=0x48e00000
1196,exponent,22,0x3a87a6,0x48f00000,0x00000000,exp_word=0x48f00000
1197,exponent,22,0x3a87a7,0x49000000,0x00000000,exp_word=0x49000000
1198,exponent,22,0x3a87a8,0x49100000,0x00000000,exp_word=0x49100000
1199,exponent,22,0x3a87a9,0x49200000,0x00000000,exp_word=0x49200000
1200,exponent,22,0x3a87aa,0x49300000,0x00000000,exp_word=0x49300000
1201,exponent,22,0x3a87ab,0x49400000,0x00000000,exp_word=0x49400000
1202,exponent,22,0x3a87ac,0x49500000,0x00000000,exp_word=0x49500000
1203,exponent,22,0x3a87ad,0x49600000,0x00000000,exp_word=0x49600000
1204,exponent,22,0x3a87ae,0x49700000,0x00000000,exp_word=0x49700000
1205,exponent,22,0x3a87af,0x49800000,0x00000000,exp_word=0x49800000
1206,exponent,22,0x3a87b0,0x49900000,0x00000000,exp_word=0x49900000
1207,exponent,22,0x3a87b1,0x49a00000,0x00000000,exp_word=0x49a00000
1208,exponent,22,0x3a87b2,0x49b00000,0x00000000,exp_word=0x49b00000
1209,exponent,22,0x3a87b3,0x49c00000,0x00000000,exp_word=0x49c00000
1210,exponent,22,0x3a87b4,0x49d00000,0x00000000,exp_word=0x49d00000
1211,exponent,22,0x3a87b5,0x49e00000,0x00000000,exp_word=0x49e00000
1212,exponent,22,0x3a87b6,0x49f00000,0x00000000,exp_word=0x49f00000
1213,exponent,22,0x3a87b7,0x4a000000,0x00000000,exp_word=0x4a000000
1214,exponent,22,0x3a87b8,0x4a100000,0x00000000,exp_word=0x4a100000
1215,exponent,22,0x3a87b9,0x4a200000,0x00000000,exp_word=0x4a200000
1216,exponent,22,0x3a87ba,0x4a300000,0x00000000,exp_word=0x4a300000
1217,exponent,22,0x3a87bb,0x4a400000,0x00000000,exp_word=0x4a400000
1218,exponent,22,0x3a87bc,0x4a500000,0x00000000,exp_word=0x4a500000
1219,exponent,22,0x3a87bd,0x4a600000,0x00000000,exp_word=0x4a600000
1220,exponent,22,0x3a87be,0x4a700000,0x00000000,exp_word=0x4a700000
1221,exponent,22,0x3a87bf,0x4a800000,0x00000000,exp_word=0x4a800000
1222,exponent,22,0x3a87c0,0x4a900000,0x00000000,exp_word=0x4a900000
1223,exponent,22,0x3a87c1,0x4aa00000,0x00000000,exp_word=0x4aa00000
1224,exponent,22,0x3a87c2,0x4ab00000,0x00000000,exp_word=0x4ab00000
1225,exponent,22,0x3a87c3,0x4ac00000,0x00000000,exp_word=0x4ac00000
1226,exponent,22,0x3a87c4,0x4ad00000,0x00000000,exp_word=0x4ad00000
1227,exponent,22,0x3a87c5,0x4ae00000,0x00000000,exp_word=0x4ae00000
1228,exponent,22,0x3a87c6,0x4af00000,0x00000000,exp_word=0x4af00000
1229,exponent,22,0x3a87c7,0x4b000000,0x00000000,exp_word=0x4b000000
1230,exponent,22,0x3a87c8,0x4b100000,0x00000000,exp_word=0x4b100000
1231,exponent,22,0x3a87c9,0x4b200000,0x00000000,exp_word=0x4b200000
1232,exponent,22,0x3a87ca,0x4b300000,0x00000000,exp_word=0x4b300000
1233,exponent,22,0x3a87cb,0x4b400000,0x00000000,exp_word=0x4b400000
1234,exponent,22,0x3a87cc,0x4b500000,0x00000000,exp_word=0x4b500000
1235,exponent,22,0x3a87cd,0x4b600000,0x00000000,exp_word=0x4b600000
1236,exponent,22,0x3a87ce,0x4b700000,0x00000000,exp_word=0x4b700000
1237,exponent,22,0x3a87cf,0x4b800000,0x00000000,exp_word=0x4b800000
1238,exponent,22,0x3a87d0,0x4b900000,0x00000000,exp_word=0x4b900000
1239,exponent,22,0x3a87d1,0x4ba00000,0x00000000,exp_word=0x4ba00000
1240,exponent,22,0x3a87d2,0x4bb00000,0x00000000,exp_word=0x4bb00000
1241,exponent,22,0x3a87d3,0x4bc00000,0x00000000,exp_word=0x4bc00000
1242,exponent,22,0x3a87d4,0x4bd00000,0x00000000,exp_word=0x4bd00000
1243,exponent,22,0x3a87d5,0x4be00000,0x00000000,exp_word=0x4be00000
1244,exponent,22,0x3a87d6,0x4bf00000,0x00000000,exp_word=0x4bf00000
1245,exponent,22,0x3a87d7,0x4c000000,0x00000000,exp_word=0x4c000000
1246,exponent,22,0x3a87d8,0x4c100000,0x00000000,exp_word=0x4c100000
1247,exponent,22,0x3a87d9,0x4c200000,0x00000000,exp_word=0x4c200000
1248,exponent,22,0x3a87da,0x4c300000,0x00000000,exp_word=0x4c300000
1249,exponent,22,0x3a87db,0x4c400000,0x00000000,exp_word=0x4c400000
1250,exponent,22,0x3a87dc,0x4c500000,0x00000000,exp_word=0x4c500000
1251,exponent,22,0x3a87dd,0x4c600000,0x00000000,exp_word=0x4c600000
1252,exponent,22,0x3a87de,0x4c700000,0x00000000,exp_word=0x4c700000
1253,exponent,22,0x3a87df,0x4c800000,0x00000000,exp_word=0x4c800000
1254,exponent,22,0x3a87e0,0x4c900000,0x00000000,exp_word=0x4c900000
1255,exponent,22,0x3a87e1,0x4ca00000,0x00000000,exp_word=0x4ca00000
1256,exponent,22,0x3a87e2,0x4cb00000,0x00000000,exp_word=0x4cb00000
1257,exponent,22,0x3a87e3,0x4cc00000,0x00000000,exp_word=0x4cc00000
1258,exponent,22,0x3a87e4,0x4cd00000,0x00000000,exp_word=0x4cd00000
1259,exponent,22,0x3a87e5,0x4ce00000,0x00000000,exp_word=0x4ce00000
1260,exponent,22,0x3a87e6,0x4cf00000,0x00000000,exp_word=0x4cf00000
1261,exponent,22,0x3a87e7,0x4d000000,0x00000000,exp_word=0x4d000000
1262,exponent,22,0x3a87e8,0x4d100000,0x00000000,exp_word=0x4d100000
1263,exponent,22,0x3a87e9,0x4d200000,0x00000000,exp_word=0x4d200000
1264,exponent,22,0x3a87ea,0x4d300000,0x00000000,exp_word=0x4d300000
1265,exponent,22,0x3a87eb,0x4d400000,0x00000000,exp_word=0x4d400000
1266,exponent,22,0x3a87ec,0x4d500000,0x00000000,exp_word=0x4d500000
1267,exponent,22,0x3a87ed,0x4d600000,0x00000000,exp_word=0x4d600000
1268,exponent,22,0x3a87ee,0x4d700000,0x00000000,exp_word=0x4d700000
1269,exponent,22,0x3a87ef,0x4d800000,0x00000000,exp_word=0x4d800000
1270,exponent,22,0x3a87f0,0x4d900000,0x00000000,exp_word=0x4d900000
1271,exponent,22,0x3a87f1,0x4da00000,0x00000000,exp_word=0x4da00000
1272,exponent,22,0x3a87f2,0x4db00000,0x00000000,exp_word=0x4db00000
1273,exponent,22,0x3a87f3,0x4dc00000,0x00000000,exp_word=0x4dc00000
1274,exponent,22,0x3a87f4,0x4dd00000,0x00000000,exp_word=0x4dd00000
1275,exponent,22,0x3a87f5,0x4de00000,0x00000000,exp_word=0x4de00000
1276,exponent,22,0x3a87f6,0x4df00000,0x00000000,exp_word=0x4df00000
1277,exponent,22,0x3a87f7,0x4e000000,0x00000000,exp_word=0x4e000000
1278,exponent,22,0x3a87f8,0x4e100000,0x00000000,exp_word=0x4e100000
1279,exponent,22,0x3a87f9,0x4e200000,0x00000000,exp_word=0x4e200000
1280,exponent,22,0x3a87fa,0x4e300000,0x00000000,exp_word=0x4e300000
1281,exponent,22,0x3a87fb,0x4e400000,0x00000000,exp_word=0x4e400000
1282,exponent,22,0x3a87fc,0x4e500000,0x00000000,exp_word=0x4e500000
1283,exponent,22,0x3a87fd,0x4e600000,0x00000000,exp_word=0x4e600000
1284,exponent,22,0x3a87fe,0x4e700000,0x00000000,exp_word=0x4e700000
1285,exponent,22,0x3a87ff,0x4e800000,0x00000000,exp_word=0x4e800000
1286,exponent,22,0x3a9000,0x4e900000,0x00000000,exp_word=0x4e900000
1287,exponent,22,0x3a9001,0x4ea00000,0x00000000,exp_word=0x4ea00000
1288,exponent,22,0x3a9002,0x4eb00000,0x00000000,exp_word=0x4eb00000
1289,exponent,22,0x3a9003,0x4ec00000,0x00000000,exp_word=0x4ec00000
1290,exponent,22,0x3a9004,0x4ed00000,0x00000000,exp_word=0x4ed00000
1291,exponent,22,0x3a9005,0x4ee00000,0x00000000,exp_word=0x4ee00000
1292,exponent,22,0x3a9006,0x4ef00000,0x00000000,exp_word=0x4ef00000
1293,exponent,22,0x3a9007,0x4f000000,0x00000000,exp_word=0x4f000000
1294,exponent,22,0x3a9008,0x4f100000,0x00000000,exp_word=0x4f100000
1295,exponent,22,0x3a9009,0x4f200000,0x00000000,exp_word=0x4f200000
1296,exponent,22,0x3a900a,0x4f300000,0x00000000,exp_word=0x4f300000
1297,exponent,22,0x3a900b,0x4f400000,0x00000000,exp_word=0x4f400000
1298,exponent,22,0x3a900c,0x4f500000,0x00000000,exp_word=0x4f500000
1299,exponent,22,0x3a900d,0x4f600000,0x00000000,exp_word=0x4f600000
1300,exponent,22,0x3a900e,0x4f700000,0x00000000,exp_word=0x4f700000
1301,exponent,22,0x3a900f,0x4f800000,0x00000000,exp_word=0x4f800000
1302,exponent,22,0x3a9010,0x4f900000,0x00000000,exp_word=0x4f900000
1303,exponent,22,0x3a9011,0x4fa00000,0x00000000,exp_word=0x4fa00000
1304,exponent,22,0x3a9012,0x4fb00000,0x00000000,exp_word=0x4fb00000
1305,exponent,22,0x3a9013,0x4fc00000,0x00000000,exp_word=0x4fc00000
1306,exponent,22,0x3a9014,0x4fd00000,0x00000000,exp_word=0x4fd00000
1307,exponent,22,0x3a9015,0x4fe00000,0x00000000,exp_word=0x4fe00000
1308,exponent,22,0x3a9016,0x4ff00000,0x00000000,exp_word=0x4ff00000
1309,exponent,22,0x3a9017,0x50000000,0x00000000,exp_word=0x50000000
1310,exponent,22,0x3a9018,0x50100000,0x00000000,exp_word=0x50100000
1311,exponent,22,0x3a9019,0x50200000,0x00000000,exp_word=0x50200000
1312,exponent,22,0x3a901a,0x50300000,0x00000000,exp_word=0x50300000
1313,exponent,22,0x3a901b,0x50400000,0x00000000,exp_word=0x50400000
1314,exponent,22,0x3a901c,0x50500000,0x00000000,exp_word=0x50500000
1315,exponent,22,0x3a901d,0x50600000,0x00000000,exp_word=0x50600000
1316,exponent,22,0x3a901e,0x50700000,0x00000000,exp_word=0x50700000
1317,exponent,22,0x3a901f,0x50800000,0x00000000,exp_word=0x50800000
1318,exponent,22,0x3a9020,0x50900000,0x00000000,exp_word=0x50900000
1319,exponent,22,0x3a9021,0x50a00000,0x00000000,exp_word=0x50a00000
1320,exponent,22,0x3a9022,0x50b00000,0x00000000,exp_word=0x50b00000
1321,exponent,22,0x3a9023,0x50c00000,0x00000000,exp_word=0x50c00000
1322,exponent,22,0x3a9024,0x50d00000,0x00000000,exp_word=0x50d00000
1323,exponent,22,0x3a9025,0x50e00000,0x00000000,exp_word=0x50e00000
1324,exponent,22,0x3a9026,0x50f00000,0x00000000,exp_word=0x50f00000
1325,exponent,22,0x3a9027,0x51000000,0x00000000,exp_word=0x51000000
1326,exponent,22,0x3a9028,0x51100000,0x00000000,exp_word=0x51100000
1327,exponent,22,0x3a9029,0x51200000,0x00000000,exp_word=0x51200000
1328,exponent,22,0x3a902a,0x51300000,0x00000000,exp_word=0x51300000
1329,exponent,22,0x3a902b,0x51400000,0x00000000,exp_word=0x51400000
1330,exponent,22,0x3a902c,0x51500000,0x00000000,exp_word=0x51500000
1331,exponent,22,0x3a902d,0x51600000,0x00000000,exp_word=0x51600000
1332,exponent,22,0x3a902e,0x51700000,0x00000000,exp_word=0x51700000
1333,exponent,22,0x3a902f,0x51800000,0x00000000,exp_word=0x51800000
1334,exponent,22,0x3a9030,0x51900000,0x00000000,exp_word=0x51900000
1335,exponent,22,0x3a9031,0x51a00000,0x00000000,exp_word=0x51a00000
1336,exponent,22,0x3a9032,0x51b00000,0x00000000,exp_word=0x51b00000
1337,exponent,22,0x3a9033,0x51c00000,0x00000000,exp_word=0x51c00000
1338,exponent,22,0x3a9034,0x51d00000,0x00000000,exp_word=0x51d00000
1339,exponent,22,0x3a9035,0x51e00000,0x00000000,exp_word=0x51e00000
1340,exponent,22,0x3a9036,0x51f00000,0x00000000,exp_word=0x51f00000
1341,exponent,22,0x3a9037,0x52000000,0x00000000,exp_word=0x52000000
1342,exponent,22,0x3a9038,0x52100000,0x00000000,exp_word=0x52100000
1343,exponent,22,0x3a9039,0x52200000,0x00000000,exp_word=0x52200000
1344,exponent,22,0x3a903a,0x52300000,0x00000000,exp_word=0x52300000
1345,exponent,22,0x3a903b,0x52400000,0x00000000,exp_word=0x52400000
1346,exponent,22,0x3a903c,0x52500000,0x00000000,exp_word=0x52500000
1347,exponent,22,0x3a903d,0x52600000,0x00000000,exp_word=0x52600000
1348,exponent,22,0x3a903e,0x52700000,0x00000000,exp_word=0x52700000
1349,exponent,22,0x3a903f,0x52800000,0x00000000,exp_word=0x52800000
1350,exponent,22,0x3a9040,0x52900000,0x00000000,exp_word=0x52900000
1351,exponent,22,0x3a9041,0x52a00000,0x00000000,exp_word=0x52a00000
1352,exponent,22,0x3a9042,0x52b00000,0x00000000,exp_word=0x52b00000
1353,exponent,22,0x3a9043,0x52c00000,0x00000000,exp_word=0x52c00000
1354,exponent,22,0x3a9044,0x52d00000,0x00000000,exp_word=0x52d00000
1355,exponent,22,0x3a9045,0x52e00000,0x00000000,exp_word=0x52e00000
1356,exponent,22,0x3a9046,0x52f00000,0x00000000,exp_word=0x52f00000
1357,exponent,22,0x3a9047,0x53000000,0x00000000,exp_word=0x53000000
1358,exponent,22,0x3a9048,0x53100000,0x00000000,exp_word=0x53100000
1359,exponent,22,0x3a9049,0x53200000,0x00000000,exp_word=0x53200000
1360,exponent,22,0x3a904a,0x53300000,0x00000000,exp_word=0x53300000
1361,exponent,22,0x3a904b,0x53400000,0x00000000,exp_word=0x53400000
1362,exponent,22,0x3a904c,0x53500000,0x00000000,exp_word=0x53500000
1363,exponent,22,0x3a904d,0x53600000,0x00000000,exp_word=0x53600000
1364,exponent,22,0x3a904e,0x53700000,0x00000000,exp_word=0x53700000
1365,exponent,22,0x3a904f,0x53800000,0x00000000,exp_word=0x53800000
1366,exponent,22,0x3a9050,0x53900000,0x00000000,exp_word=0x53900000
1367,exponent,22,0x3a9051,0x53a00000,0x00000000,exp_word=0x53a00000
1368,exponent,22,0x3a9052,0x53b00000,0x00000000,exp_word=0x53b00000
1369,exponent,22,0x3a9053,0x53c00000,0x00000000,exp_word=0x53c00000
1370,exponent,22,0x3a9054,0x53d00000,0x00000000,exp_word=0x53d00000
1371,exponent,22,0x3a9055,0x53e00000,0x00000000,exp_word=0x53e00000
1372,exponent,22,0x3a9056,0x53f00000,0x00000000,exp_word=0x53f00000
1373,exponent,22,0x3a9057,0x54000000,0x00000000,exp_word=0x54000000
1374,exponent,22,0x3a9058,0x54100000,0x00000000,exp_word=0x54100000
1375,exponent,22,0x3a9059,0x54200000,0x00000000,exp_word=0x54200000
1376,exponent,22,0x3a905a,0x54300000,0x00000000,exp_word=0x54300000
1377,exponent,22,0x3a905b,0x54400000,0x00000000,exp_word=0x54400000
1378,exponent,22,0x3a905c,0x54500000,0x00000000,exp_word=0x54500000
1379,exponent,22,0x3a905d,0x54600000,0x00000000,exp_word=0x54600000
1380,exponent,22,0x3a905e,0x54700000,0x00000000,exp_word=0x54700000
1381,exponent,22,0x3a905f,0x54800000,0x00000000,exp_word=0x54800000
1382,exponent,22,0x3a9060,0x54900000,0x00000000,exp_word=0x54900000
1383,exponent,22,0x3a9061,0x54a00000,0x00000000,exp_word=0x54a00000
1384,exponent,22,0x3a9062,0x54b00000,0x00000000,exp_word=0x54b00000
1385,exponent,22,0x3a9063,0x54c00000,0x00000000,exp_word=0x54c00000
1386,exponent,22,0x3a9064,0x54d00000,0x00000000,exp_word=0x54d00000
1387,exponent,22,0x3a9065,0x54e00000,0x00000000,exp_word=0x54e00000
1388,exponent,22,0x3a9066,0x54f00000,0x00000000,exp_word=0x54f00000
1389,exponent,22,0x3a9067,0x55000000,0x00000000,exp_word=0x55000000
1390,exponent,22,0x3a9068,0x55100000,0x00000000,exp_word=0x55100000
1391,exponent,22,0x3a9069,0x55200000,0x00000000,exp_word=0x55200000
1392,exponent,22,0x3a906a,0x55300000,0x00000000,exp_word=0x55300000
1393,exponent,22,0x3a906b,0x55400000,0x00000000,exp_word=0x55400000
1394,exponent,22,0x3a906c,0x55500000,0x00000000,exp_word=0x55500000
1395,exponent,22,0x3a906d,0x55600000,0x00000000,exp_word=0x55600000
1396,exponent,22,0x3a906e,0x55700000,0x00000000,exp_word=0x55700000
1397,exponent,22,0x3a906f,0x55800000,0x00000000,exp_word=0x55800000
1398,exponent,22,0x3a9070,0x55900000,0x00000000,exp_word=0x55900000
1399,exponent,22,0x3a9071,0x55a00000,0x00000000,exp_word=0x55a00000
1400,exponent,22,0x3a9072,0x55b00000,0x00000000,exp_word=0x55b00000
1401,exponent,22,0x3a9073,0x55c00000,0x00000000,exp_word=0x55c00000
1402,exponent,22,0x3a9074,0x55d00000,0x00000000,exp_word=0x55d00000
1403,exponent,22,0x3a9075,0x55e00000,0x00000000,exp_word=0x55e00000
1404,exponent,22,0x3a9076,0x55f00000,0x00000000,exp_word=0x55f00000
1405,exponent,22,0x3a9077,0x56000000,0x00000000,exp_word=0x56000000
1406,exponent,22,0x3a9078,0x56100000,0x00000000,exp_word=0x56100000
1407,exponent,22,0x3a9079,0x56200000,0x00000000,exp_word=0x56200000
1408,exponent,22,0x3a907a,0x56300000,0x00000000,exp_word=0x56300000
1409,exponent,22,0x3a907b,0x56400000,0x00000000,exp_word=0x56400000
1410,exponent,22,0x3a907c,0x56500000,0x00000000,exp_word=0x56500000
1411,exponent,22,0x3a907d,0x56600000,0x00000000,exp_word=0x56600000
1412,exponent,22,0x3a907e,0x56700000,0x00000000,exp_word=0x56700000
1413,exponent,22,0x3a907f,0x56800000,0x00000000,exp_word=0x56800000
1414,exponent,22,0x3a9080,0x56900000,0x00000000,exp_word=0x56900000
1415,exponent,22,0x3a9081,0x56a00000,0x00000000,exp_word=0x56a00000
1416,exponent,22,0x3a9082,0x56b00000,0x00000000,exp_word=0x56b00000
1417,exponent,22,0x3a9083,0x56c00000,0x00000000,exp_word=0x56c00000
1418,exponent,22,0x3a9084,0x56d00000,0x00000000,exp_word=0x56d00000
1419,exponent,22,0x3a9085,0x56e00000,0x00000000,exp_word=0x56e00000
1420,exponent,22,0x3a9086,0x56f00000,0x00000000,exp_word=0x56f00000
1421,exponent,22,0x3a9087,0x57000000,0x00000000,exp_word=0x57000000
1422,exponent,22,0x3a9088,0x57100000,0x00000000,exp_word=0x57100000
1423,exponent,22,0x3a9089,0x57200000,0x00000000,exp_word=0x57200000
1424,exponent,22,0x3a908a,0x57300000,0x00000000,exp_word=0x57300000
1425,exponent,22,0x3a908b,0x57400000,0x00000000,exp_word=0x57400000
1426,exponent,22,0x3a908c,0x57500000,0x00000000,exp_word=0x57500000
1427,exponent,22,0x3a908d,0x57600000,0x00000000,exp_word=0x57600000
1428,exponent,22,0x3a908e,0x57700000,0x00000000,exp_word=0x57700000
1429,exponent,22,0x3a908f,0x57800000,0x00000000,exp_word=0x57800000
1430,exponent,22,0x3a9090,0x57900000,0x00000000,exp_word=0x57900000
1431,exponent,22,0x3a9091,0x57a00000,0x00000000,exp_word=0x57a00000
1432,exponent,22,0x3a9092,0x57b00000,0x00000000,exp_word=0x57b00000
1433,exponent,22,0x3a9093,0x57c00000,0x00000000,exp_word=0x57c00000
1434,exponent,22,0x3a9094,0x57d00000,0x00000000,exp_word=0x57d00000
1435,exponent,22,0x3a9095,0x57e00000,0x00000000,exp_word=0x57e00000
1436,exponent,22,0x3a9096,0x57f00000,0x00000000,exp_word=0x57f00000
1437,exponent,22,0x3a9097,0x58000000,0x00000000,exp_word=0x58000000
1438,exponent,22,0x3a9098,0x58100000,0x00000000,exp_word=0x58100000
1439,exponent,22,0x3a9099,0x58200000,0x00000000,exp_word=0x58200000
1440,exponent,22,0x3a909a,0x58300000,0x00000000,exp_word=0x58300000
1441,exponent,22,0x3a909b,0x58400000,0x00000000,exp_word=0x58400000
1442,exponent,22,0x3a909c,0x58500000,0x00000000,exp_word=0x58500000
1443,exponent,22,0x3a909d,0x58600000,0x00000000,exp_word=0x58600000
1444,exponent,22,0x3a909e,0x58700000,0x00000000,exp_word=0x58700000
1445,exponent,22,0x3a909f,0x58800000,0x00000000,exp_word=0x58800000
1446,exponent,22,0x3a90a0,0x58900000,0x00000000,exp_word=0x58900000
1447,exponent,22,0x3a90a1,0x58a00000,0x00000000,exp_word=0x58a00000
1448,exponent,22,0x3a90a2,0x58b00000,0x00000000,exp_word=0x58b00000
1449,exponent,22,0x3a90a3,0x58c00000,0x00000000,exp_word=0x58c00000
1450,exponent,22,0x3a90a4,0x58d00000,0x00000000,exp_word=0x58d00000
1451,exponent,22,0x3a90a5,0x58e00000,0x00000000,exp_word=0x58e00000
1452,exponent,22,0x3a90a6,0x58f00000,0x00000000,exp_word=0x58f00000
1453,exponent,22,0x3a90a7,0x59000000,0x00000000,exp_word=0x59000000
1454,exponent,22,0x3a90a8,0x59100000,0x00000000,exp_word=0x59100000
1455,exponent,22,0x3a90a9,0x59200000,0x00000000,exp_word=0x59200000
1456,exponent,22,0x3a90aa,0x59300000,0x00000000,exp_word=0x59300000
1457,exponent,22,0x3a90ab,0x59400000,0x00000000,exp_word=0x59400000
1458,exponent,22,0x3a90ac,0x59500000,0x00000000,exp_word=0x59500000
1459,exponent,22,0x3a90ad,0x59600000,0x00000000,exp_word=0x59600000
1460,exponent,22,0x3a90ae,0x59700000,0x00000000,exp_word=0x59700000
1461,exponent,22,0x3a90af,0x59800000,0x00000000,exp_word=0x59800000
1462,exponent,22,0x3a90b0,0x59900000,0x00000000,exp_word=0x59900000
1463,exponent,22,0x3a90b1,0x59a00000,0x00000000,exp_word=0x59a00000
1464,exponent,22,0x3a90b2,0x59b00000,0x00000000,exp_word=0x59b00000
1465,exponent,22,0x3a90b3,0x59c00000,0x00000000,exp_word=0x59c00000
1466,exponent,22,0x3a90b4,0x59d00000,0x00000000,exp_word=0x59d00000
1467,exponent,22,0x3a90b5,0x59e00000,0x00000000,exp_word=0x59e00000
1468,exponent,22,0x3a90b6,0x59f00000,0x00000000,exp_word=0x59f00000
1469,exponent,22,0x3a90b7,0x5a000000,0x00000000,exp_word=0x5a000000
1470,exponent,22,0x3a90b8,0x5a100000,0x00000000,exp_word=0x5a100000
1471,exponent,22,0x3a90b9,0x5a200000,0x00000000,exp_word=0x5a200000
1472,exponent,22,0x3a90ba,0x5a300000,0x00000000,exp_word=0x5a300000
1473,exponent,22,0x3a90bb,0x5a400000,0x00000000,exp_word=0x5a400000
1474,exponent,22,0x3a90bc,0x5a500000,0x00000000,exp_word=0x5a500000
1475,exponent,22,0x3a90bd,0x5a600000,0x00000000,exp_word=0x5a600000
1476,exponent,22,0x3a90be,0x5a700000,0x00000000,exp_word=0x5a700000
1477,exponent,22,0x3a90bf,0x5a800000,0x00000000,exp_word=0x5a800000
1478,exponent,22,0x3a90c0,0x5a900000,0x00000000,exp_word=0x5a900000
1479,exponent,22,0x3a90c1,0x5aa00000,0x00000000,exp_word=0x5aa00000
1480,exponent,22,0x3a90c2,0x5ab00000,0x00000000,exp_word=0x5ab00000
1481,exponent,22,0x3a90c3,0x5ac00000,0x00000000,exp_word=0x5ac00000
1482,exponent,22,0x3a90c4,0x5ad00000,0x00000000,exp_word=0x5ad00000
1483,exponent,22,0x3a90c5,0x5ae00000,0x00000000,exp_word=0x5ae00000
1484,exponent,22,0x3a90c6,0x5af00000,0x00000000,exp_word=0x5af00000
1485,exponent,22,0x3a90c7,0x5b000000,0x00000000,exp_word=0x5b000000
1486,exponent,22,0x3a90c8,0x5b100000,0x00000000,exp_word=0x5b100000
1487,exponent,22,0x3a90c9,0x5b200000,0x00000000,exp_word=0x5b200000
1488,exponent,22,0x3a90ca,0x5b300000,0x00000000,exp_word=0x5b300000
1489,exponent,22,0x3a90cb,0x5b400000,0x00000000,exp_word=0x5b400000
1490,exponent,22,0x3a90cc,0x5b500000,0x00000000,exp_word=0x5b500000
1491,exponent,22,0x3a90cd,0x5b600000,0x00000000,exp_word=0x5b600000
1492,exponent,22,0x3a90ce,0x5b700000,0x00000000,exp_word=0x5b700000
1493,exponent,22,0x3a90cf,0x5b800000,0x00000000,exp_word=0x5b800000
1494,exponent,22,0x3a90d0,0x5b900000,0x00000000,exp_word=0x5b900000
1495,exponent,22,0x3a90d1,0x5ba00000,0x00000000,exp_word=0x5ba00000
1496,exponent,22,0x3a90d2,0x5bb00000,0x00000000,exp_word=0x5bb00000
1497,exponent,22,0x3a90d3,0x5bc00000,0x00000000,exp_word=0x5bc00000
1498,exponent,22,0x3a90d4,0x5bd00000,0x00000000,exp_word=0x5bd00000
1499,exponent,22,0x3a90d5,0x5be00000,0x00000000,exp_word=0x5be00000
1500,exponent,22,0x3a90d6,0x5bf00000,0x00000000,exp_word=0x5bf00000
1501,exponent,22,0x3a90d7,0x5c000000,0x00000000,exp_word=0x5c000000
1502,exponent,22,0x3a90d8,0x5c100000,0x00000000,exp_word=0x5c100000
1503,exponent,22,0x3a90d9,0x5c200000,0x00000000,exp_word=0x5c200000
1504,exponent,22,0x3a90da,0x5c300000,0x00000000,exp_word=0x5c300000
1505,exponent,22,0x3a90db,0x5c400000,0x00000000,exp_word=0x5c400000
1506,exponent,22,0x3a90dc,0x5c500000,0x00000000,exp_word=0x5c500000
1507,exponent,22,0x3a90dd,0x5c600000,0x00000000,exp_word=0x5c600000
1508,exponent,22,0x3a90de,0x5c700000,0x00000000,exp_word=0x5c700000
1509,exponent,22,0x3a90df,0x5c800000,0x00000000,exp_word=0x5c800000
1510,exponent,22,0x3a90e0,0x5c900000,0x00000000,exp_word=0x5c900000
1511,exponent,22,0x3a90e1,0x5ca00000,0x00000000,exp_word=0x5ca00000
1512,exponent,22,0x3a90e2,0x5cb00000,0x00000000,exp_word=0x5cb00000
1513,exponent,22,0x3a90e3,0x5cc00000,0x00000000,exp_word=0x5cc00000
1514,exponent,22,0x3a90e4,0x5cd00000,0x00000000,exp_word=0x5cd00000
1515,exponent,22,0x3a90e5,0x5ce00000,0x00000000,exp_word=0x5ce00000
1516,exponent,22,0x3a90e6,0x5cf00000,0x00000000,exp_word=0x5cf00000
1517,exponent,22,0x3a90e7,0x5d000000,0x00000000,exp_word=0x5d000000
1518,exponent,22,0x3a90e8,0x5d100000,0x00000000,exp_word=0x5d100000
1519,exponent,22,0x3a90e9,0x5d200000,0x00000000,exp_word=0x5d200000
1520,exponent,22,0x3a90ea,0x5d300000,0x00000000,exp_word=0x5d300000
1521,exponent,22,0x3a90eb,0x5d400000,0x00000000,exp_word=0x5d400000
1522,exponent,22,0x3a90ec,0x5d500000,0x00000000,exp_word=0x5d500000
1523,exponent,22,0x3a90ed,0x5d600000,0x00000000,exp_word=0x5d600000
1524,exponent,22,0x3a90ee,0x5d700000,0x00000000,exp_word=0x5d700000
1525,exponent,22,0x3a90ef,0x5d800000,0x00000000,exp_word=0x5d800000
1526,exponent,22,0x3a90f0,0x5d900000,0x00000000,exp_word=0x5d900000
1527,exponent,22,0x3a90f1,0x5da00000,0x00000000,exp_word=0x5da00000
1528,exponent,22,0x3a90f2,0x5db00000,0x00000000,exp_word=0x5db00000
1529,exponent,22,0x3a90f3,0x5dc00000,0x00000000,exp_word=0x5dc00000
1530,exponent,22,0x3a90f4,0x5dd00000,0x00000000,exp_word=0x5dd00000
1531,exponent,22,0x3a90f5,0x5de00000,0x00000000,exp_word=0x5de00000
1532,exponent,22,0x3a90f6,0x5df00000,0x00000000,exp_word=0x5df00000
1533,exponent,22,0x3a90f7,0x5e000000,0x00000000,exp_word=0x5e000000
1534,exponent,22,0x3a90f8,0x5e100000,0x00000000,exp_word=0x5e100000
1535,exponent,22,0x3a90f9,0x5e200000,0x00000000,exp_word=0x5e200000
1536,exponent,22,0x3a90fa,0x5e300000,0x00000000,exp_word=0x5e300000
1537,exponent,22,0x3a90fb,0x5e400000,0x00000000,exp_word=0x5e400000
1538,exponent,22,0x3a90fc,0x5e500000,0x00000000,exp_word=0x5e500000
1539,exponent,22,0x3a90fd,0x5e600000,0x00000000,exp_word=0x5e600000
1540,exponent,22,0x3a90fe,0x5e700000,0x00000000,exp_word=0x5e700000
1541,exponent,22,0x3a90ff,0x5e800000,0x00000000,exp_word=0x5e800000
1542,exponent,22,0x3a9100,0x5e900000,0x00000000,exp_word=0x5e900000
1543,exponent,22,0x3a9101,0x5ea00000,0x00000000,exp_word=0x5ea00000
1544,exponent,22,0x3a9102,0x5eb00000,0x00000000,exp_word=0x5eb00000
1545,exponent,22,0x3a9103,0x5ec00000,0x00000000,exp_word=0x5ec00000
1546,exponent,22,0x3a9104,0x5ed00000,0x00000000,exp_word=0x5ed00000
1547,exponent,22,0x3a9105,0x5ee00000,0x00000000,exp_word=0x5ee00000
1548,exponent,22,0x3a9106,0x5ef00000,0x00000000,exp_word=0x5ef00000
1549,exponent,22,0x3a9107,0x5f000000,0x00000000,exp_word=0x5f000000
1550,exponent,22,0x3a9108,0x5f100000,0x00000000,exp_word=0x5f100000
1551,exponent,22,0x3a9109,0x5f200000,0x00000000,exp_word=0x5f200000
1552,exponent,22,0x3a910a,0x5f300000,0x00000000,exp_word=0x5f300000
1553,exponent,22,0x3a910b,0x5f400000,0x00000000,exp_word=0x5f400000
1554,exponent,22,0x3a910c,0x5f500000,0x00000000,exp_word=0x5f500000
1555,exponent,22,0x3a910d,0x5f600000,0x00000000,exp_word=0x5f600000
1556,exponent,22,0x3a910e,0x5f700000,0x00000000,exp_word=0x5f700000
1557,exponent,22,0x3a910f,0x5f800000,0x00000000,exp_word=0x5f800000
1558,exponent,22,0x3a9110,0x5f900000,0x00000000,exp_word=0x5f900000
1559,exponent,22,0x3a9111,0x5fa00000,0x00000000,exp_word=0x5fa00000
1560,exponent,22,0x3a9112,0x5fb00000,0x00000000,exp_word=0x5fb00000
1561,exponent,22,0x3a9113,0x5fc00000,0x00000000,exp_word=0x5fc00000
1562,exponent,22,0x3a9114,0x5fd00000,0x00000000,exp_word=0x5fd00000
1563,exponent,22,0x3a9115,0x5fe00000,0x00000000,exp_word=0x5fe00000
1564,exponent,22,0x3a9116,0x5ff00000,0x00000000,exp_word=0x5ff00000
1565,exponent,22,0x3a9117,0x60000000,0x00000000,exp_word=0x60000000
1566,exponent,22,0x3a9118,0x60100000,0x00000000,exp_word=0x60100000
1567,exponent,22,0x3a9119,0x60200000,0x00000000,exp_word=0x60200000
1568,exponent,22,0x3a911a,0x60300000,0x00000000,exp_word=0x60300000
1569,exponent,22,0x3a911b,0x60400000,0x00000000,exp_word=0x60400000
1570,exponent,22,0x3a911c,0x60500000,0x00000000,exp_word=0x60500000
1571,exponent,22,0x3a911d,0x60600000,0x00000000,exp_word=0x60600000
1572,exponent,22,0x3a911e,0x60700000,0x00000000,exp_word=0x60700000
1573,exponent,22,0x3a911f,0x60800000,0x00000000,exp_word=0x60800000
1574,exponent,22,0x3a9120,0x60900000,0x00000000,exp_word=0x60900000
1575,exponent,22,0x3a9121,0x60a00000,0x00000000,exp_word=0x60a00000
1576,exponent,22,0x3a9122,0x60b00000,0x00000000,exp_word=0x60b00000
1577,exponent,22,0x3a9123,0x60c00000,0x00000000,exp_word=0x60c00000
1578,exponent,22,0x3a9124,0x60d00000,0x00000000,exp_word=0x60d00000
1579,exponent,22,0x3a9125,0x60e00000,0x00000000,exp_word=0x60e00000
1580,exponent,22,0x3a9126,0x60f00000,0x00000000,exp_word=0x60f00000
1581,exponent,22,0x3a9127,0x61000000,0x00000000,exp_word=0x61000000
1582,exponent,22,0x3a9128,0x61100000,0x00000000,exp_word=0x61100000
1583,exponent,22,0x3a9129,0x61200000,0x00000000,exp_word=0x61200000
1584,exponent,22,0x3a912a,0x61300000,0x00000000,exp_word=0x61300000
1585,exponent,22,0x3a912b,0x61400000,0x00000000,exp_word=0x61400000
1586,exponent,22,0x3a912c,0x61500000,0x00000000,exp_word=0x61500000
1587,exponent,22,0x3a912d,0x61600000,0x00000000,exp_word=0x61600000
1588,exponent,22,0x3a912e,0x61700000,0x00000000,exp_word=0x61700000
1589,exponent,22,0x3a912f,0x61800000,0x00000000,exp_word=0x61800000
1590,exponent,22,0x3a9130,0x61900000,0x00000000,exp_word=0x61900000
1591,exponent,22,0x3a9131,0x61a00000,0x00000000,exp_word=0x61a00000
1592,exponent,22,0x3a9132,0x61b00000,0x00000000,exp_word=0x61b00000
1593,exponent,22,0x3a9133,0x61c00000,0x00000000,exp_word=0x61c00000
1594,exponent,22,0x3a9134,0x61d00000,0x00000000,exp_word=0x61d00000
1595,exponent,22,0x3a9135,0x61e00000,0x00000000,exp_word=0x61e00000
1596,exponent,22,0x3a9136,0x61f00000,0x00000000,exp_word=0x61f00000
1597,exponent,22,0x3a9137,0x62000000,0x00000000,exp_word=0x62000000
1598,exponent,22,0x3a9138,0x62100000,0x00000000,exp_word=0x62100000
1599,exponent,22,0x3a9139,0x62200000,0x00000000,exp_word=0x62200000
1600,exponent,22,0x3a913a,0x62300000,0x00000000,exp_word=0x62300000
1601,exponent,22,0x3a913b,0x62400000,0x00000000,exp_word=0x62400000
1602,exponent,22,0x3a913c,0x62500000,0x00000000,exp_word=0x62500000
1603,exponent,22,0x3a913d,0x62600000,0x00000000,exp_word=0x62600000
1604,exponent,22,0x3a913e,0x62700000,0x00000000,exp_word=0x62700000
1605,exponent,22,0x3a913f,0x62800000,0x00000000,exp_word=0x62800000
1606,exponent,22,0x3a9140,0x62900000,0x00000000,exp_word=0x62900000
1607,exponent,22,0x3a9141,0x62a00000,0x00000000,exp_word=0x62a00000
1608,exponent,22,0x3a9142,0x62b00000,0x00000000,exp_word=0x62b00000
1609,exponent,22,0x3a9143,0x62c00000,0x00000000,exp_word=0x62c00000
1610,exponent,22,0x3a9144,0x62d00000,0x00000000,exp_word=0x62d00000
1611,exponent,22,0x3a9145,0x62e00000,0x00000000,exp_word=0x62e00000
1612,exponent,22,0x3a9146,0x62f00000,0x00000000,exp_word=0x62f00000
1613,exponent,22,0x3a9147,0x63000000,0x00000000,exp_word=0x63000000
1614,exponent,22,0x3a9148,0x63100000,0x00000000,exp_word=0x63100000
1615,exponent,22,0x3a9149,0x63200000,0x00000000,exp_word=0x63200000
1616,exponent,22,0x3a914a,0x63300000,0x00000000,exp_word=0x63300000
1617,exponent,22,0x3a914b,0x63400000,0x00000000,exp_word=0x63400000
1618,exponent,22,0x3a914c,0x63500000,0x00000000,exp_word=0x63500000
1619,exponent,22,0x3a914d,0x63600000,0x00000000,exp_word=0x63600000
1620,exponent,22,0x3a914e,0x63700000,0x00000000,exp_word=0x63700000
1621,exponent,22,0x3a914f,0x63800000,0x00000000,exp_word=0x63800000
1622,exponent,22,0x3a9150,0x63900000,0x00000000,exp_word=0x63900000
1623,exponent,22,0x3a9151,0x63a00000,0x00000000,exp_word=0x63a00000
1624,exponent,22,0x3a9152,0x63b00000,0x00000000,exp_word=0x63b00000
1625,exponent,22,0x3a9153,0x63c00000,0x00000000,exp_word=0x63c00000
1626,exponent,22,0x3a9154,0x63d00000,0x00000000,exp_word=0x63d00000
1627,exponent,22,0x3a9155,0x63e00000,0x00000000,exp_word=0x63e00000
1628,exponent,22,0x3a9156,0x63f00000,0x00000000,exp_word=0x63f00000
1629,exponent,22,0x3a9157,0x64000000,0x00000000,exp_word=0x64000000
1630,exponent,22,0x3a9158,0x64100000,0x00000000,exp_word=0x64100000
1631,exponent,22,0x3a9159,0x64200000,0x00000000,exp_word=0x64200000
1632,exponent,22,0x3a915a,0x64300000,0x00000000,exp_word=0x64300000
1633,exponent,22,0x3a915b,0x64400000,0x00000000,exp_word=0x64400000
1634,exponent,22,0x3a915c,0x64500000,0x00000000,exp_word=0x64500000
1635,exponent,22,0x3a915d,0x64600000,0x00000000,exp_word=0x64600000
1636,exponent,22,0x3a915e,0x64700000,0x00000000,exp_word=0x64700000
1637,exponent,22,0x3a915f,0x64800000,0x00000000,exp_word=0x64800000
1638,exponent,22,0x3a9160,0x64900000,0x00000000,exp_word=0x64900000
1639,exponent,22,0x3a9161,0x64a00000,0x00000000,exp_word=0x64a00000
1640,exponent,22,0x3a9162,0x64b00000,0x00000000,exp_word=0x64b00000
1641,exponent,22,0x3a9163,0x64c00000,0x00000000,exp_word=0x64c00000
1642,exponent,22,0x3a9164,0x64d00000,0x00000000,exp_word=0x64d00000
1643,exponent,22,0x3a9165,0x64e00000,0x00000000,exp_word=0x64e00000
1644,exponent,22,0x3a9166,0x64f00000,0x00000000,exp_word=0x64f00000
1645,exponent,22,0x3a9167,0x65000000,0x00000000,exp_word=0x65000000
1646,exponent,22,0x3a9168,0x65100000,0x00000000,exp_word=0x65100000
1647,exponent,22,0x3a9169,0x65200000,0x00000000,exp_word=0x65200000
1648,exponent,22,0x3a916a,0x65300000,0x00000000,exp_word=0x65300000
1649,exponent,22,0x3a916b,0x65400000,0x00000000,exp_word=0x65400000
1650,exponent,22,0x3a916c,0x65500000,0x00000000,exp_word=0x65500000
1651,exponent,22,0x3a916d,0x65600000,0x00000000,exp_word=0x65600000
1652,exponent,22,0x3a916e,0x65700000,0x00000000,exp_word=0x65700000
1653,exponent,22,0x3a916f,0x65800000,0x00000000,exp_word=0x65800000
1654,exponent,22,0x3a9170,0x65900000,0x00000000,exp_word=0x65900000
1655,exponent,22,0x3a9171,0x65a00000,0x00000000,exp_word=0x65a00000
1656,exponent,22,0x3a9172,0x65b00000,0x00000000,exp_word=0x65b00000
1657,exponent,22,0x3a9173,0x65c00000,0x00000000,exp_word=0x65c00000
1658,exponent,22,0x3a9174,0x65d00000,0x00000000,exp_word=0x65d00000
1659,exponent,22,0x3a9175,0x65e00000,0x00000000,exp_word=0x65e00000
1660,exponent,22,0x3a9176,0x65f00000,0x00000000,exp_word=0x65f00000
1661,exponent,22,0x3a9177,0x66000000,0x00000000,exp_word=0x66000000
1662,exponent,22,0x3a9178,0x66100000,0x00000000,exp_word=0x66100000
1663,exponent,22,0x3a9179,0x66200000,0x00000000,exp_word=0x66200000
1664,exponent,22,0x3a917a,0x66300000,0x00000000,exp_word=0x66300000
1665,exponent,22,0x3a917b,0x66400000,0x00000000,exp_word=0x66400000
1666,exponent,22,0x3a917c,0x66500000,0x00000000,exp_word=0x66500000
1667,exponent,22,0x3a917d,0x66600000,0x00000000,exp_word=0x66600000
1668,exponent,22,0x3a917e,0x66700000,0x00000000,exp_word=0x66700000
1669,exponent,22,0x3a917f,0x66800000,0x00000000,exp_word=0x66800000
1670,exponent,22,0x3a9180,0x66900000,0x00000000,exp_word=0x66900000
1671,exponent,22,0x3a9181,0x66a00000,0x00000000,exp_word=0x66a00000
1672,exponent,22,0x3a9182,0x66b00000,0x00000000,exp_word=0x66b00000
1673,exponent,22,0x3a9183,0x66c00000,0x00000000,exp_word=0x66c00000
1674,exponent,22,0x3a9184,0x66d00000,0x00000000,exp_word=0x66d00000
1675,exponent,22,0x3a9185,0x66e00000,0x00000000,exp_word=0x66e00000
1676,exponent,22,0x3a9186,0x66f00000,0x00000000,exp_word=0x66f00000
1677,exponent,22,0x3a9187,0x67000000,0x00000000,exp_word=0x67000000
1678,exponent,22,0x3a9188,0x67100000,0x00000000,exp_word=0x67100000
1679,exponent,22,0x3a9189,0x67200000,0x00000000,exp_word=0x67200000
1680,exponent,22,0x3a918a,0x67300000,0x00000000,exp_word=0x67300000
1681,exponent,22,0x3a918b,0x67400000,0x00000000,exp_word=0x67400000
1682,exponent,22,0x3a918c,0x67500000,0x00000000,exp_word=0x67500000
1683,exponent,22,0x3a918d,0x67600000,0x00000000,exp_word=0x67600000
1684,exponent,22,0x3a918e,0x67700000,0x00000000,exp_word=0x67700000
1685,exponent,22,0x3a918f,0x67800000,0x00000000,exp_word=0x67800000
1686,exponent,22,0x3a9190,0x67900000,0x00000000,exp_word=0x67900000
1687,exponent,22,0x3a9191,0x67a00000,0x00000000,exp_word=0x67a00000
1688,exponent,22,0x3a9192,0x67b00000,0x00000000,exp_word=0x67b00000
1689,exponent,22,0x3a9193,0x67c00000,0x00000000,exp_word=0x67c00000
1690,exponent,22,0x3a9194,0x67d00000,0x00000000,exp_word=0x67d00000
1691,exponent,22,0x3a9195,0x67e00000,0x00000000,exp_word=0x67e00000
1692,exponent,22,0x3a9196,0x67f00000,0x00000000,exp_word=0x67f00000
1693,exponent,22,0x3a9197,0x68000000,0x00000000,exp_word=0x68000000
1694,exponent,22,0x3a9198,0x68100000,0x00000000,exp_word=0x68100000
1695,exponent,22,0x3a9199,0x68200000,0x00000000,exp_word=0x68200000
1696,exponent,22,0x3a919a,0x68300000,0x00000000,exp_word=0x68300000
1697,exponent,22,0x3a919b,0x68400000,0x00000000,exp_word=0x68400000
1698,exponent,22,0x3a919c,0x68500000,0x00000000,exp_word=0x68500000
1699,exponent,22,0x3a919d,0x68600000,0x00000000,exp_word=0x68600000
1700,exponent,22,0x3a919e,0x68700000,0x00000000,exp_word=0x68700000
1701,exponent,22,0x3a919f,0x68800000,0x00000000,exp_word=0x68800000
1702,exponent,22,0x3a91a0,0x68900000,0x00000000,exp_word=0x68900000
1703,exponent,22,0x3a91a1,0x68a00000,0x00000000,exp_word=0x68a00000
1704,exponent,22,0x3a91a2,0x68b00000,0x00000000,exp_word=0x68b00000
1705,exponent,22,0x3a91a3,0x68c00000,0x00000000,exp_word=0x68c00000
1706,exponent,22,0x3a91a4,0x68d00000,0x00000000,exp_word=0x68d00000
1707,exponent,22,0x3a91a5,0x68e00000,0x00000000,exp_word=0x68e00000
1708,exponent,22,0x3a91a6,0x68f00000,0x00000000,exp_word=0x68f00000
1709,exponent,22,0x3a91a7,0x69000000,0x00000000,exp_word=0x69000000
1710,exponent,22,0x3a91a8,0x69100000,0x00000000,exp_word=0x69100000
1711,exponent,22,0x3a91a9,0x69200000,0x00000000,exp_word=0x69200000
1712,exponent,22,0x3a91aa,0x69300000,0x00000000,exp_word=0x69300000
1713,exponent,22,0x3a91ab,0x69400000,0x00000000,exp_word=0x69400000
1714,exponent,22,0x3a91ac,0x69500000,0x00000000,exp_word=0x69500000
1715,exponent,22,0x3a91ad,0x69600000,0x00000000,exp_word=0x69600000
1716,exponent,22,0x3a91ae,0x69700000,0x00000000,exp_word=0x69700000
1717,exponent,22,0x3a91af,0x69800000,0x00000000,exp_word=0x69800000
1718,exponent,22,0x3a91b0,0x69900000,0x00000000,exp_word=0x69900000
1719,exponent,22,0x3a91b1,0x69a00000,0x00000000,exp_word=0x69a00000
1720,exponent,22,0x3a91b2,0x69b00000,0x00000000,exp_word=0x69b00000
1721,exponent,22,0x3a91b3,0x69c00000,0x00000000,exp_word=0x69c00000
1722,exponent,22,0x3a91b4,0x69d00000,0x00000000,exp_word=0x69d00000
1723,exponent,22,0x3a91b5,0x69e00000,0x00000000,exp_word=0x69e00000
1724,exponent,22,0x3a91b6,0x69f00000,0x00000000,exp_word=0x69f00000
1725,exponent,22,0x3a91b7,0x6a000000,0x00000000,exp_word=0x6a000000
1726,exponent,22,0x3a91b8,0x6a100000,0x00000000,exp_word=0x6a100000
1727,exponent,22,0x3a91b9,0x6a200000,0x00000000,exp_word=0x6a200000
1728,exponent,22,0x3a91ba,0x6a300000,0x00000000,exp_word=0x6a300000
1729,exponent,22,0x3a91bb,0x6a400000,0x00000000,exp_word=0x6a400000
1730,exponent,22,0x3a91bc,0x6a500000,0x00000000,exp_word=0x6a500000
1731,exponent,22,0x3a91bd,0x6a600000,0x00000000,exp_word=0x6a600000
1732,exponent,22,0x3a91be,0x6a700000,0x00000000,exp_word=0x6a700000
1733,exponent,22,0x3a91bf,0x6a800000,0x00000000,exp_word=0x6a800000
1734,exponent,22,0x3a91c0,0x6a900000,0x00000000,exp_word=0x6a900000
1735,exponent,22,0x3a91c1,0x6aa00000,0x00000000,exp_word=0x6aa00000
1736,exponent,22,0x3a91c2,0x6ab00000,0x00000000,exp_word=0x6ab00000
1737,exponent,22,0x3a91c3,0x6ac00000,0x00000000,exp_word=0x6ac00000
1738,exponent,22,0x3a91c4,0x6ad00000,0x00000000,exp_word=0x6ad00000
1739,exponent,22,0x3a91c5,0x6ae00000,0x00000000,exp_word=0x6ae00000
1740,exponent,22,0x3a91c6,0x6af00000,0x00000000,exp_word=0x6af00000
1741,exponent,22,0x3a91c7,0x6b000000,0x00000000,exp_word=0x6b000000
1742,exponent,22,0x3a91c8,0x6b100000,0x00000000,exp_word=0x6b100000
1743,exponent,22,0x3a91c9,0x6b200000,0x00000000,exp_word=0x6b200000
1744,exponent,22,0x3a91ca,0x6b300000,0x00000000,exp_word=0x6b300000
1745,exponent,22,0x3a91cb,0x6b400000,0x00000000,exp_word=0x6b400000
1746,exponent,22,0x3a91cc,0x6b500000,0x00000000,exp_word=0x6b500000
1747,exponent,22,0x3a91cd,0x6b600000,0x00000000,exp_word=0x6b600000
1748,exponent,22,0x3a91ce,0x6b700000,0x00000000,exp_word=0x6b700000
1749,exponent,22,0x3a91cf,0x6b800000,0x00000000,exp_word=0x6b800000
1750,exponent,22,0x3a91d0,0x6b900000,0x00000000,exp_word=0x6b900000
1751,exponent,22,0x3a91d1,0x6ba00000,0x00000000,exp_word=0x6ba00000
1752,exponent,22,0x3a91d2,0x6bb00000,0x00000000,exp_word=0x6bb00000
1753,exponent,22,0x3a91d3,0x6bc00000,0x00000000,exp_word=0x6bc00000
1754,exponent,22,0x3a91d4,0x6bd00000,0x00000000,exp_word=0x6bd00000
1755,exponent,22,0x3a91d5,0x6be00000,0x00000000,exp_word=0x6be00000
1756,exponent,22,0x3a91d6,0x6bf00000,0x00000000,exp_word=0x6bf00000
1757,exponent,22,0x3a91d7,0x6c000000,0x00000000,exp_word=0x6c000000
1758,exponent,22,0x3a91d8,0x6c100000,0x00000000,exp_word=0x6c100000
1759,exponent,22,0x3a91d9,0x6c200000,0x00000000,exp_word=0x6c200000
1760,exponent,22,0x3a91da,0x6c300000,0x00000000,exp_word=0x6c300000
1761,exponent,22,0x3a91db,0x6c400000,0x00000000,exp_word=0x6c400000
1762,exponent,22,0x3a91dc,0x6c500000,0x00000000,exp_word=0x6c500000
1763,exponent,22,0x3a91dd,0x6c600000,0x00000000,exp_word=0x6c600000
1764,exponent,22,0x3a91de,0x6c700000,0x00000000,exp_word=0x6c700000
1765,exponent,22,0x3a91df,0x6c800000,0x00000000,exp_word=0x6c800000
1766,exponent,22,0x3a91e0,0x6c900000,0x00000000,exp_word=0x6c900000
1767,exponent,22,0x3a91e1,0x6ca00000,0x00000000,exp_word=0x6ca00000
1768,exponent,22,0x3a91e2,0x6cb00000,0x00000000,exp_word=0x6cb00000
1769,exponent,22,0x3a91e3,0x6cc00000,0x00000000,exp_word=0x6cc00000
1770,exponent,22,0x3a91e4,0x6cd00000,0x00000000,exp_word=0x6cd00000
1771,exponent,22,0x3a91e5,0x6ce00000,0x00000000,exp_word=0x6ce00000
1772,exponent,22,0x3a91e6,0x6cf00000,0x00000000,exp_word=0x6cf00000
1773,exponent,22,0x3a91e7,0x6d000000,0x00000000,exp_word=0x6d000000
1774,exponent,22,0x3a91e8,0x6d100000,0x00000000,exp_word=0x6d100000
1775,exponent,22,0x3a91e9,0x6d200000,0x00000000,exp_word=0x6d200000
1776,exponent,22,0x3a91ea,0x6d300000,0x00000000,exp_word=0x6d300000
1777,exponent,22,0x3a91eb,0x6d400000,0x00000000,exp_word=0x6d400000
1778,exponent,22,0x3a91ec,0x6d500000,0x00000000,exp_word=0x6d500000
1779,exponent,22,0x3a91ed,0x6d600000,0x00000000,exp_word=0x6d600000
1780,exponent,22,0x3a91ee,0x6d700000,0x00000000,exp_word=0x6d700000
1781,exponent,22,0x3a91ef,0x6d800000,0x00000000,exp_word=0x6d800000
1782,exponent,22,0x3a91f0,0x6d900000,0x00000000,exp_word=0x6d900000
1783,exponent,22,0x3a91f1,0x6da00000,0x00000000,exp_word=0x6da00000
1784,exponent,22,0x3a91f2,0x6db00000,0x00000000,exp_word=0x6db00000
1785,exponent,22,0x3a91f3,0x6dc00000,0x00000000,exp_word=0x6dc00000
1786,exponent,22,0x3a91f4,0x6dd00000,0x00000000,exp_word=0x6dd00000
1787,exponent,22,0x3a91f5,0x6de00000,0x00000000,exp_word=0x6de00000
1788,exponent,22,0x3a91f6,0x6df00000,0x00000000,exp_word=0x6df00000
1789,exponent,22,0x3a91f7,0x6e000000,0x00000000,exp_word=0x6e000000
1790,exponent,22,0x3a91f8,0x6e100000,0x00000000,exp_word=0x6e100000
1791,exponent,22,0x3a91f9,0x6e200000,0x00000000,exp_word=0x6e200000
1792,exponent,22,0x3a91fa,0x6e300000,0x00000000,exp_word=0x6e300000
1793,exponent,22,0x3a91fb,0x6e400000,0x00000000,exp_word=0x6e400000
1794,exponent,22,0x3a91fc,0x6e500000,0x00000000,exp_word=0x6e500000
1795,exponent,22,0x3a91fd,0x6e600000,0x00000000,exp_word=0x6e600000
1796,exponent,22,0x3a91fe,0x6e700000,0x00000000,exp_word=0x6e700000
1797,exponent,22,0x3a91ff,0x6e800000,0x00000000,exp_word=0x6e800000
1798,exponent,22,0x3a9200,0x6e900000,0x00000000,exp_word=0x6e900000
1799,exponent,22,0x3a9201,0x6ea00000,0x00000000,exp_word=0x6ea00000
1800,exponent,22,0x3a9202,0x6eb00000,0x00000000,exp_word=0x6eb00000
1801,exponent,22,0x3a9203,0x6ec00000,0x00000000,exp_word=0x6ec00000
1802,exponent,22,0x3a9204,0x6ed00000,0x00000000,exp_word=0x6ed00000
1803,exponent,22,0x3a9205,0x6ee00000,0x00000000,exp_word=0x6ee00000
1804,exponent,22,0x3a9206,0x6ef00000,0x00000000,exp_word=0x6ef00000
1805,exponent,22,0x3a9207,0x6f000000,0x00000000,exp_word=0x6f000000
1806,exponent,22,0x3a9208,0x6f100000,0x00000000,exp_word=0x6f100000
1807,exponent,22,0x3a9209,0x6f200000,0x00000000,exp_word=0x6f200000
1808,exponent,22,0x3a920a,0x6f300000,0x00000000,exp_word=0x6f300000
1809,exponent,22,0x3a920b,0x6f400000,0x00000000,exp_word=0x6f400000
1810,exponent,22,0x3a920c,0x6f500000,0x00000000,exp_word=0x6f500000
1811,exponent,22,0x3a920d,0x6f600000,0x00000000,exp_word=0x6f600000
1812,exponent,22,0x3a920e,0x6f700000,0x00000000,exp_word=0x6f700000
1813,exponent,22,0x3a920f,0x6f800000,0x00000000,exp_word=0x6f800000
1814,exponent,22,0x3a9210,0x6f900000,0x00000000,exp_word=0x6f900000
1815,exponent,22,0x3a9211,0x6fa00000,0x00000000,exp_word=0x6fa00000
1816,exponent,22,0x3a9212,0x6fb00000,0x00000000,exp_word=0x6fb00000
1817,exponent,22,0x3a9213,0x6fc00000,0x00000000,exp_word=0x6fc00000
1818,exponent,22,0x3a9214,0x6fd00000,0x00000000,exp_word=0x6fd00000
1819,exponent,22,0x3a9215,0x6fe00000,0x00000000,exp_word=0x6fe00000
1820,exponent,22,0x3a9216,0x6ff00000,0x00000000,exp_word=0x6ff00000
1821,exponent,22,0x3a9217,0x70000000,0x00000000,exp_word=0x70000000
1822,exponent,22,0x3a9218,0x70100000,0x00000000,exp_word=0x70100000
1823,exponent,22,0x3a9219,0x70200000,0x00000000,exp_word=0x70200000
1824,exponent,22,0x3a921a,0x70300000,0x00000000,exp_word=0x70300000
1825,exponent,22,0x3a921b,0x70400000,0x00000000,exp_word=0x70400000
1826,exponent,22,0x3a921c,0x70500000,0x00000000,exp_word=0x70500000
1827,exponent,22,0x3a921d,0x70600000,0x00000000,exp_word=0x70600000
1828,exponent,22,0x3a921e,0x70700000,0x00000000,exp_word=0x70700000
1829,exponent,22,0x3a921f,0x70800000,0x00000000,exp_word=0x70800000
1830,exponent,22,0x3a9220,0x70900000,0x00000000,exp_word=0x70900000
1831,exponent,22,0x3a9221,0x70a00000,0x00000000,exp_word=0x70a00000
1832,exponent,22,0x3a9222,0x70b00000,0x00000000,exp_word=0x70b00000
1833,exponent,22,0x3a9223,0x70c00000,0x00000000,exp_word=0x70c00000
1834,exponent,22,0x3a9224,0x70d00000,0x00000000,exp_word=0x70d00000
1835,exponent,22,0x3a9225,0x70e00000,0x00000000,exp_word=0x70e00000
1836,exponent,22,0x3a9226,0x70f00000,0x00000000,exp_word=0x70f00000
1837,exponent,22,0x3a9227,0x71000000,0x00000000,exp_word=0x71000000
1838,exponent,22,0x3a9228,0x71100000,0x00000000,exp_word=0x71100000
1839,exponent,22,0x3a9229,0x71200000,0x00000000,exp_word=0x71200000
1840,exponent,22,0x3a922a,0x71300000,0x00000000,exp_word=0x71300000
1841,exponent,22,0x3a922b,0x71400000,0x00000000,exp_word=0x71400000
1842,exponent,22,0x3a922c,0x71500000,0x00000000,exp_word=0x71500000
1843,exponent,22,0x3a922d,0x71600000,0x00000000,exp_word=0x71600000
1844,exponent,22,0x3a922e,0x71700000,0x00000000,exp_word=0x71700000
1845,exponent,22,0x3a922f,0x71800000,0x00000000,exp_word=0x71800000
1846,exponent,22,0x3a9230,0x71900000,0x00000000,exp_word=0x71900000
1847,exponent,22,0x3a9231,0x71a00000,0x00000000,exp_word=0x71a00000
1848,exponent,22,0x3a9232,0x71b00000,0x00000000,exp_word=0x71b00000
1849,exponent,22,0x3a9233,0x71c00000,0x00000000,exp_word=0x71c00000
1850,exponent,22,0x3a9234,0x71d00000,0x00000000,exp_word=0x71d00000
1851,exponent,22,0x3a9235,0x71e00000,0x00000000,exp_word=0x71e00000
1852,exponent,22,0x3a9236,0x71f00000,0x00000000,exp_word=0x71f00000
1853,exponent,22,0x3a9237,0x72000000,0x00000000,exp_word=0x72000000
1854,exponent,22,0x3a9238,0x72100000,0x00000000,exp_word=0x72100000
1855,exponent,22,0x3a9239,0x72200000,0x00000000,exp_word=0x72200000
1856,exponent,22,0x3a923a,0x72300000,0x00000000,exp_word=0x72300000
1857,exponent,22,0x3a923b,0x72400000,0x00000000,exp_word=0x72400000
1858,exponent,22,0x3a923c,0x72500000,0x00000000,exp_word=0x72500000
1859,exponent,22,0x3a923d,0x72600000,0x00000000,exp_word=0x72600000
1860,exponent,22,0x3a923e,0x72700000,0x00000000,exp_word=0x72700000
1861,exponent,22,0x3a923f,0x72800000,0x00000000,exp_word=0x72800000
1862,exponent,22,0x3a9240,0x72900000,0x00000000,exp_word=0x72900000
1863,exponent,22,0x3a9241,0x72a00000,0x00000000,exp_word=0x72a00000
1864,exponent,22,0x3a9242,0x72b00000,0x00000000,exp_word=0x72b00000
1865,exponent,22,0x3a9243,0x72c00000,0x00000000,exp_word=0x72c00000
1866,exponent,22,0x3a9244,0x72d00000,0x00000000,exp_word=0x72d00000
1867,exponent,22,0x3a9245,0x72e00000,0x00000000,exp_word=0x72e00000
1868,exponent,22,0x3a9246,0x72f00000,0x00000000,exp_word=0x72f00000
1869,exponent,22,0x3a9247,0x73000000,0x00000000,exp_word=0x73000000
1870,exponent,22,0x3a9248,0x73100000,0x00000000,exp_word=0x73100000
1871,exponent,22,0x3a9249,0x73200000,0x00000000,exp_word=0x73200000
1872,exponent,22,0x3a924a,0x73300000,0x00000000,exp_word=0x73300000
1873,exponent,22,0x3a924b,0x73400000,0x00000000,exp_word=0x73400000
1874,exponent,22,0x3a924c,0x73500000,0x00000000,exp_word=0x73500000
1875,exponent,22,0x3a924d,0x73600000,0x00000000,exp_word=0x73600000
1876,exponent,22,0x3a924e,0x73700000,0x00000000,exp_word=0x73700000
1877,exponent,22,0x3a924f,0x73800000,0x00000000,exp_word=0x73800000
1878,exponent,22,0x3a9250,0x73900000,0x00000000,exp_word=0x73900000
1879,exponent,22,0x3a9251,0x73a00000,0x00000000,exp_word=0x73a00000
1880,exponent,22,0x3a9252,0x73b00000,0x00000000,exp_word=0x73b00000
1881,exponent,22,0x3a9253,0x73c00000,0x00000000,exp_word=0x73c00000
1882,exponent,22,0x3a9254,0x73d00000,0x00000000,exp_word=0x73d00000
1883,exponent,22,0x3a9255,0x73e00000,0x00000000,exp_word=0x73e00000
1884,exponent,22,0x3a9256,0x73f00000,0x00000000,exp_word=0x73f00000
1885,exponent,22,0x3a9257,0x74000000,0x00000000,exp_word=0x74000000
1886,exponent,22,0x3a9258,0x74100000,0x00000000,exp_word=0x74100000
1887,exponent,22,0x3a9259,0x74200000,0x00000000,exp_word=0x74200000
1888,exponent,22,0x3a925a,0x74300000,0x00000000,exp_word=0x74300000
1889,exponent,22,0x3a925b,0x74400000,0x00000000,exp_word=0x74400000
1890,exponent,22,0x3a925c,0x74500000,0x00000000,exp_word=0x74500000
1891,exponent,22,0x3a925d,0x74600000,0x00000000,exp_word=0x74600000
1892,exponent,22,0x3a925e,0x74700000,0x00000000,exp_word=0x74700000
1893,exponent,22,0x3a925f,0x74800000,0x00000000,exp_word=0x74800000
1894,exponent,22,0x3a9260,0x74900000,0x00000000,exp_word=0x74900000
1895,exponent,22,0x3a9261,0x74a00000,0x00000000,exp_word=0x74a00000
1896,exponent,22,0x3a9262,0x74b00000,0x00000000,exp_word=0x74b00000
1897,exponent,22,0x3a9263,0x74c00000,0x00000000,exp_word=0x74c00000
1898,exponent,22,0x3a9264,0x74d00000,0x00000000,exp_word=0x74d00000
1899,exponent,22,0x3a9265,0x74e00000,0x00000000,exp_word=0x74e00000
1900,exponent,22,0x3a9266,0x74f00000,0x00000000,exp_word=0x74f00000
1901,exponent,22,0x3a9267,0x75000000,0x00000000,exp_word=0x75000000
1902,exponent,22,0x3a9268,0x75100000,0x00000000,exp_word=0x75100000
1903,exponent,22,0x3a9269,0x75200000,0x00000000,exp_word=0x75200000
1904,exponent,22,0x3a926a,0x75300000,0x00000000,exp_word=0x75300000
1905,exponent,22,0x3a926b,0x75400000,0x00000000,exp_word=0x75400000
1906,exponent,22,0x3a926c,0x75500000,0x00000000,exp_word=0x75500000
1907,exponent,22,0x3a926d,0x75600000,0x00000000,exp_word=0x75600000
1908,exponent,22,0x3a926e,0x75700000,0x00000000,exp_word=0x75700000
1909,exponent,22,0x3a926f,0x75800000,0x00000000,exp_word=0x75800000
1910,exponent,22,0x3a9270,0x75900000,0x00000000,exp_word=0x75900000
1911,exponent,22,0x3a9271,0x75a00000,0x00000000,exp_word=0x75a00000
1912,exponent,22,0x3a9272,0x75b00000,0x00000000,exp_word=0x75b00000
1913,exponent,22,0x3a9273,0x75c00000,0x00000000,exp_word=0x75c00000
1914,exponent,22,0x3a9274,0x75d00000,0x00000000,exp_word=0x75d00000
1915,exponent,22,0x3a9275,0x75e00000,0x00000000,exp_word=0x75e00000
1916,exponent,22,0x3a9276,0x75f00000,0x00000000,exp_word=0x75f00000
1917,exponent,22,0x3a9277,0x76000000,0x00000000,exp_word=0x76000000
1918,exponent,22,0x3a9278,0x76100000,0x00000000,exp_word=0x76100000
1919,exponent,22,0x3a9279,0x76200000,0x00000000,exp_word=0x76200000
1920,exponent,22,0x3a927a,0x76300000,0x00000000,exp_word=0x76300000
1921,exponent,22,0x3a927b,0x76400000,0x00000000,exp_word=0x76400000
1922,exponent,22,0x3a927c,0x76500000,0x00000000,exp_word=0x76500000
1923,exponent,22,0x3a927d,0x76600000,0x00000000,exp_word=0x76600000
1924,exponent,22,0x3a927e,0x76700000,0x00000000,exp_word=0x76700000
1925,exponent,22,0x3a927f,0x76800000,0x00000000,exp_word=0x76800000
1926,exponent,22,0x3a9280,0x76900000,0x00000000,exp_word=0x76900000
1927,exponent,22,0x3a9281,0x76a00000,0x00000000,exp_word=0x76a00000
1928,exponent,22,0x3a9282,0x76b00000,0x00000000,exp_word=0x76b00000
1929,exponent,22,0x3a9283,0x76c00000,0x00000000,exp_word=0x76c00000
1930,exponent,22,0x3a9284,0x76d00000,0x00000000,exp_word=0x76d00000
1931,exponent,22,0x3a9285,0x76e00000,0x00000000,exp_word=0x76e00000
1932,exponent,22,0x3a9286,0x76f00000,0x00000000,exp_word=0x76f00000
1933,exponent,22,0x3a9287,0x77000000,0x00000000,exp_word=0x77000000
1934,exponent,22,0x3a9288,0x77100000,0x00000000,exp_word=0x77100000
1935,exponent,22,0x3a9289,0x77200000,0x00000000,exp_word=0x77200000
1936,exponent,22,0x3a928a,0x77300000,0x00000000,exp_word=0x77300000
1937,exponent,22,0x3a928b,0x77400000,0x00000000,exp_word=0x77400000
1938,exponent,22,0x3a928c,0x77500000,0x00000000,exp_word=0x77500000
1939,exponent,22,0x3a928d,0x77600000,0x00000000,exp_word=0x77600000
1940,exponent,22,0x3a928e,0x77700000,0x00000000,exp_word=0x77700000
1941,exponent,22,0x3a928f,0x77800000,0x00000000,exp_word=0x77800000
1942,exponent,22,0x3a9290,0x77900000,0x00000000,exp_word=0x77900000
1943,exponent,22,0x3a9291,0x77a00000,0x00000000,exp_word=0x77a00000
1944,exponent,22,0x3a9292,0x77b00000,0x00000000,exp_word=0x77b00000
1945,exponent,22,0x3a9293,0x77c00000,0x00000000,exp_word=0x77c00000
1946,exponent,22,0x3a9294,0x77d00000,0x00000000,exp_word=0x77d00000
1947,exponent,22,0x3a9295,0x77e00000,0x00000000,exp_word=0x77e00000
1948,exponent,22,0x3a9296,0x77f00000,0x00000000,exp_word=0x77f00000
1949,exponent,22,0x3a9297,0x78000000,0x00000000,exp_word=0x78000000
1950,exponent,22,0x3a9298,0x78100000,0x00000000,exp_word=0x78100000
1951,exponent,22,0x3a9299,0x78200000,0x00000000,exp_word=0x78200000
1952,exponent,22,0x3a929a,0x78300000,0x00000000,exp_word=0x78300000
1953,exponent,22,0x3a929b,0x78400000,0x00000000,exp_word=0x78400000
1954,exponent,22,0x3a929c,0x78500000,0x00000000,exp_word=0x78500000
1955,exponent,22,0x3a929d,0x78600000,0x00000000,exp_word=0x78600000
1956,exponent,22,0x3a929e,0x78700000,0x00000000,exp_word=0x78700000
1957,exponent,22,0x3a929f,0x78800000,0x00000000,exp_word=0x78800000
1958,exponent,22,0x3a92a0,0x78900000,0x00000000,exp_word=0x78900000
1959,exponent,22,0x3a92a1,0x78a00000,0x00000000,exp_word=0x78a00000
1960,exponent,22,0x3a92a2,0x78b00000,0x00000000,exp_word=0x78b00000
1961,exponent,22,0x3a92a3,0x78c00000,0x00000000,exp_word=0x78c00000
1962,exponent,22,0x3a92a4,0x78d00000,0x00000000,exp_word=0x78d00000
1963,exponent,22,0x3a92a5,0x78e00000,0x00000000,exp_word=0x78e00000
1964,exponent,22,0x3a92a6,0x78f00000,0x00000000,exp_word=0x78f00000
1965,exponent,22,0x3a92a7,0x79000000,0x00000000,exp_word=0x79000000
1966,exponent,22,0x3a92a8,0x79100000,0x00000000,exp_word=0x79100000
1967,exponent,22,0x3a92a9,0x79200000,0x00000000,exp_word=0x79200000
1968,exponent,22,0x3a92aa,0x79300000,0x00000000,exp_word=0x79300000
1969,exponent,22,0x3a92ab,0x79400000,0x00000000,exp_word=0x79400000
1970,exponent,22,0x3a92ac,0x79500000,0x00000000,exp_word=0x79500000
1971,exponent,22,0x3a92ad,0x79600000,0x00000000,exp_word=0x79600000
1972,exponent,22,0x3a92ae,0x79700000,0x00000000,exp_word=0x79700000
1973,exponent,22,0x3a92af,0x79800000,0x00000000,exp_word=0x79800000
1974,exponent,22,0x3a92b0,0x79900000,0x00000000,exp_word=0x79900000
1975,exponent,22,0x3a92b1,0x79a00000,0x00000000,exp_word=0x79a00000
1976,exponent,22,0x3a92b2,0x79b00000,0x00000000,exp_word=0x79b00000
1977,exponent,22,0x3a92b3,0x79c00000,0x00000000,exp_word=0x79c00000
1978,exponent,22,0x3a92b4,0x79d00000,0x00000000,exp_word=0x79d00000
1979,exponent,22,0x3a92b5,0x79e00000,0x00000000,exp_word=0x79e00000
1980,exponent,22,0x3a92b6,0x79f00000,0x00000000,exp_word=0x79f00000
1981,exponent,22,0x3a92b7,0x7a000000,0x00000000,exp_word=0x7a000000
1982,exponent,22,0x3a92b8,0x7a100000,0x00000000,exp_word=0x7a100000
1983,exponent,22,0x3a92b9,0x7a200000,0x00000000,exp_word=0x7a200000
1984,exponent,22,0x3a92ba,0x7a300000,0x00000000,exp_word=0x7a300000
1985,exponent,22,0x3a92bb,0x7a400000,0x00000000,exp_word=0x7a400000
1986,exponent,22,0x3a92bc,0x7a500000,0x00000000,exp_word=0x7a500000
1987,exponent,22,0x3a92bd,0x7a600000,0x00000000,exp_word=0x7a600000
1988,exponent,22,0x3a92be,0x7a700000,0x00000000,exp_word=0x7a700000
1989,exponent,22,0x3a92bf,0x7a800000,0x00000000,exp_word=0x7a800000
1990,exponent,22,0x3a92c0,0x7a900000,0x00000000,exp_word=0x7a900000
1991,exponent,22,0x3a92c1,0x7aa00000,0x00000000,exp_word=0x7aa00000
1992,exponent,22,0x3a92c2,0x7ab00000,0x00000000,exp_word=0x7ab00000
1993,exponent,22,0x3a92c3,0x7ac00000,0x00000000,exp_word=0x7ac00000
1994,exponent,22,0x3a92c4,0x7ad00000,0x00000000,exp_word=0x7ad00000
1995,exponent,22,0x3a92c5,0x7ae00000,0x00000000,exp_word=0x7ae00000
1996,exponent,22,0x3a92c6,0x7af00000,0x00000000,exp_word=0x7af00000
1997,exponent,22,0x3a92c7,0x7b000000,0x00000000,exp_word=0x7b000000
1998,exponent,22,0x3a92c8,0x7b100000,0x00000000,exp_word=0x7b100000
1999,exponent,22,0x3a92c9,0x7b200000,0x00000000,exp_word=0x7b200000
2000,exponent,22,0x3a92ca,0x7b300000,0x00000000,exp_word=0x7b300000
2001,exponent,22,0x3a92cb,0x7b400000,0x00000000,exp_word=0x7b400000
2002,exponent,22,0x3a92cc,0x7b500000,0x00000000,exp_word=0x7b500000
2003,exponent,22,0x3a92cd,0x7b600000,0x00000000,exp_word=0x7b600000
2004,exponent,22,0x3a92ce,0x7b700000,0x00000000,exp_word=0x7b700000
2005,exponent,22,0x3a92cf,0x7b800000,0x00000000,exp_word=0x7b800000
2006,exponent,22,0x3a92d0,0x7b900000,0x00000000,exp_word=0x7b900000
2007,exponent,22,0x3a92d1,0x7ba00000,0x00000000,exp_word=0x7ba00000
2008,exponent,22,0x3a92d2,0x7bb00000,0x00000000,exp_word=0x7bb00000
2009,exponent,22,0x3a92d3,0x7bc00000,0x00000000,exp_word=0x7bc00000
2010,exponent,22,0x3a92d4,0x7bd00000,0x00000000,exp_word=0x7bd00000
2011,exponent,22,0x3a92d5,0x7be00000,0x00000000,exp_word=0x7be00000
2012,exponent,22,0x3a92d6,0x7bf00000,0x00000000,exp_word=0x7bf00000
2013,exponent,22,0x3a92d7,0x7c000000,0x00000000,exp_word=0x7c000000
2014,exponent,22,0x3a92d8,0x7c100000,0x00000000,exp_word=0x7c100000
2015,exponent,22,0x3a92d9,0x7c200000,0x00000000,exp_word=0x7c200000
2016,exponent,22,0x3a92da,0x7c300000,0x00000000,exp_word=0x7c300000
2017,exponent,22,0x3a92db,0x7c400000,0x00000000,exp_word=0x7c400000
2018,exponent,22,0x3a92dc,0x7c500000,0x00000000,exp_word=0x7c500000
2019,exponent,22,0x3a92dd,0x7c600000,0x00000000,exp_word=0x7c600000
2020,exponent,22,0x3a92de,0x7c700000,0x00000000,exp_word=0x7c700000
2021,exponent,22,0x3a92df,0x7c800000,0x00000000,exp_word=0x7c800000
2022,exponent,22,0x3a92e0,0x7c900000,0x00000000,exp_word=0x7c900000
2023,exponent,22,0x3a92e1,0x7ca00000,0x00000000,exp_word=0x7ca00000
2024,exponent,22,0x3a92e2,0x7cb00000,0x00000000,exp_word=0x7cb00000
2025,exponent,22,0x3a92e3,0x7cc00000,0x00000000,exp_word=0x7cc00000
2026,exponent,22,0x3a92e4,0x7cd00000,0x00000000,exp_word=0x7cd00000
2027,exponent,22,0x3a92e5,0x7ce00000,0x00000000,exp_word=0x7ce00000
2028,exponent,22,0x3a92e6,0x7cf00000,0x00000000,exp_word=0x7cf00000
2029,exponent,22,0x3a92e7,0x7d000000,0x00000000,exp_word=0x7d000000
2030,exponent,22,0x3a92e8,0x7d100000,0x00000000,exp_word=0x7d100000
2031,exponent,22,0x3a92e9,0x7d200000,0x00000000,exp_word=0x7d200000
2032,exponent,22,0x3a92ea,0x7d300000,0x00000000,exp_word=0x7d300000
2033,exponent,22,0x3a92eb,0x7d400000,0x00000000,exp_word=0x7d400000
2034,exponent,22,0x3a92ec,0x7d500000,0x00000000,exp_word=0x7d500000
2035,exponent,22,0x3a92ed,0x7d600000,0x00000000,exp_word=0x7d600000
2036,exponent,22,0x3a92ee,0x7d700000,0x00000000,exp_word=0x7d700000
2037,exponent,22,0x3a92ef,0x7d800000,0x00000000,exp_word=0x7d800000
2038,exponent,22,0x3a92f0,0x7d900000,0x00000000,exp_word=0x7d900000
2039,exponent,22,0x3a92f1,0x7da00000,0x00000000,exp_word=0x7da00000
2040,exponent,22,0x3a92f2,0x7db00000,0x00000000,exp_word=0x7db00000
2041,exponent,22,0x3a92f3,0x7dc00000,0x00000000,exp_word=0x7dc00000
2042,exponent,22,0x3a92f4,0x7dd00000,0x00000000,exp_word=0x7dd00000
2043,exponent,22,0x3a92f5,0x7de00000,0x00000000,exp_word=0x7de00000
2044,exponent,22,0x3a92f6,0x7df00000,0x00000000,exp_word=0x7df00000
2045,exponent,22,0x3a92f7,0x7e000000,0x00000000,exp_word=0x7e000000
2046,exponent,22,0x3a92f8,0x7e100000,0x00000000,exp_word=0x7e100000
2047,exponent,22,0x3a92f9,0x7e200000,0x00000000,exp_word=0x7e200000
2048,exponent,22,0x3a92fa,0x7e300000,0x00000000,exp_word=0x7e300000
2049,exponent,22,0x3a92fb,0x7e400000,0x00000000,exp_word=0x7e400000
2050,exponent,22,0x3a92fc,0x7e500000,0x00000000,exp_word=0x7e500000
2051,exponent,22,0x3a92fd,0x7e600000,0x00000000,exp_word=0x7e600000
2052,exponent,22,0x3a92fe,0x7e700000,0x00000000,exp_word=0x7e700000
2053,exponent,22,0x3a92ff,0x7e800000,0x00000000,exp_word=0x7e800000
2054,exponent,22,0x3a95a0,0x7e900000,0x00000000,exp_word=0x7e900000
2055,exponent,22,0x3a95a1,0x7ea00000,0x00000000,exp_word=0x7ea00000
2056,exponent,22,0x3a95a2,0x7eb00000,0x00000000,exp_word=0x7eb00000
2057,exponent,22,0x3a95a3,0x7ec00000,0x00000000,exp_word=0x7ec00000
2058,exponent,22,0x3a95a4,0x7ed00000,0x00000000,exp_word=0x7ed00000
2059,exponent,22,0x3a95a5,0x7ee00000,0x00000000,exp_word=0x7ee00000
2060,exponent,22,0x3a95a6,0x7ef00000,0x00000000,exp_word=0x7ef00000
2061,exponent,22,0x3a95a7,0x7f000000,0x00000000,exp_word=0x7f000000
2062,exponent,22,0x3a95a8,0x7f100000,0x00000000,exp_word=0x7f100000
2063,exponent,22,0x3a95a9,0x7f200000,0x00000000,exp_word=0x7f200000
2064,exponent,22,0x3a95aa,0x7f300000,0x00000000,exp_word=0x7f300000
2065,exponent,22,0x3a95ab,0x7f400000,0x00000000,exp_word=0x7f400000
2066,exponent,22,0x3a95ac,0x7f500000,0x00000000,exp_word=0x7f500000
2067,exponent,22,0x3a95ad,0x7f600000,0x00000000,exp_word=0x7f600000
2068,exponent,22,0x3a95ae,0x7f700000,0x00000000,exp_word=0x7f700000
2069,exponent,22,0x3a95af,0x7f800000,0x00000000,exp_word=0x7f800000
2070,exponent,22,0x3b8fe0,0x7f900000,0x00000000,exp_word=0x7f900000
2071,exponent,22,0x3b8fe1,0x7fa00000,0x00000000,exp_word=0x7fa00000
2072,exponent,22,0x3b8fe2,0x7fb00000,0x00000000,exp_word=0x7fb00000
2073,exponent,22,0x3b8fe3,0x7fc00000,0x00000000,exp_word=0x7fc00000
2074,exponent,21,0x68e90,0x7fd00000,0x00000000,exp_word=0x7fd00000
2075,exponent,21,0x68e91,0x7fe00000,0x00000000,exp_word=0x7fe00000
2076,exponent,21,0x68e98,0x7ff80000,0x00000000,exp_word=0x7ff80000
